title,url
ДТП в Костомукше,https://www.youtube.com/watch?v=ri0wwcjF0XA
Сбил женщину на пешеходном переходе,https://www.youtube.com/watch?v=9EBC30h8JqA
Автобус занесло,https://www.youtube.com/watch?v=SmXgGZfwnNA
Столкнулись при повороте,https://www.youtube.com/watch?v=HX7I_iOppZs
Торопыга,https://www.youtube.com/watch?v=qGkNQ8aFbBg
Не уступил дорогу,https://www.youtube.com/watch?v=DbI2wQhuwM4
Потеряшка,https://www.youtube.com/watch?v=qrbu02D2wQY
Занесло в сугроб,https://www.youtube.com/watch?v=T7MCxNxRgjg
"Мололец, выручил!",https://www.youtube.com/watch?v=bQ8rA5fsu7o
ДТП на перекрестке,https://www.youtube.com/watch?v=YDjSZeubi5U
Не вписались в поворот,https://www.youtube.com/watch?v=iIQTZTvJwdA
Pro Работу СИТИЛИНК,https://www.youtube.com/watch?v=e_nzbXl8q1E
Думал проскочить,https://www.youtube.com/watch?v=q-FGFZ0KK7c
Поспешил выехать,https://www.youtube.com/watch?v=Vfb_UfjePKk
Не надо так спешить,https://www.youtube.com/watch?v=iHuR9UBsVdc
Погоня с жестким столкновением,https://www.youtube.com/watch?v=1w_VbA4CJYM
Мог бы и пропустить,https://www.youtube.com/watch?v=wZqZ8LGx28o
К чему приводит невнимательность,https://www.youtube.com/watch?v=nVZYf32vzcA
Первый снегопад,https://www.youtube.com/watch?v=Gd-COoQ6YDI
Машины всмятку,https://www.youtube.com/watch?v=iPWdFEgPH8k
Столкнулись на пустом перекрестке,https://www.youtube.com/watch?v=KJtlEzlUX9U
Попытка протиснуться,https://www.youtube.com/watch?v=L1a5Yk4kWcY
Решил пропустить,https://www.youtube.com/watch?v=je20xR5yau8
Провокатор скрылся,https://www.youtube.com/watch?v=gi8hQk7VtzM
Это что за маневр?,https://www.youtube.com/watch?v=6ewVrTDFFpA
Развернуло в обратную сторону,https://www.youtube.com/watch?v=-7yBoTrq7VY
Сам себя наказал!,https://www.youtube.com/watch?v=JFno93F23RM
Растерялся?,https://www.youtube.com/watch?v=QY_B9oM1LaA
Прямо в столб,https://www.youtube.com/watch?v=8UNGs-lFadw
Подрезал мотоциклиста,https://www.youtube.com/watch?v=N64v2YfHQOo
Ехал бы уже дальше,https://www.youtube.com/watch?v=H4ypVB10kKQ
ДТП на перекрестке в Кондопоге,https://www.youtube.com/watch?v=VT0OIiC86FE
Оборвал провода и поехал дальше,https://www.youtube.com/watch?v=wuWr8n37gqs
ДТП на перекрестке,https://www.youtube.com/watch?v=JhYkqEtQJvk
Летит на красный,https://www.youtube.com/watch?v=RTy3EcsgXww
Не ленитесь дойти до пешеходного перехода,https://www.youtube.com/watch?v=4khefhmdDzI
Соблюдай дистанцию,https://www.youtube.com/watch?v=9KE6fJa--CE
Спровоцировал аварию,https://www.youtube.com/watch?v=-AxW7pHQVfI
Успею проскочить,https://www.youtube.com/watch?v=IZZBnhIKzbQ
Своими силами уже не потушить,https://www.youtube.com/watch?v=VIF_yD3nx_8
Неожиданный поворот,https://www.youtube.com/watch?v=cV_IyiZGBAY
Поторопился с парковкой,https://www.youtube.com/watch?v=mfbnYbnqofY
Поздно пятиться,https://www.youtube.com/watch?v=y_E-rEbcj3Q
Смена сигналов сфетофора?,https://www.youtube.com/watch?v=n6_3Pl8R5NY
Сбил велосипедиста,https://www.youtube.com/watch?v=tFehj6Yx3yw
Нападение собаки,https://www.youtube.com/watch?v=BHXJPyHe6-o
Пошли разбирать ситуацию,https://www.youtube.com/watch?v=mRUVtGADIkQ
Лоб в лоб,https://www.youtube.com/watch?v=viNwM7ZIGSk
Как же так можно ездить?,https://www.youtube.com/watch?v=ueVcjpVZvx4
Вандалы в подземке,https://www.youtube.com/watch?v=bkNdx0enYR4
Выкрутасы,https://www.youtube.com/watch?v=EFkUfx0ycao
Пешеход погиб,https://www.youtube.com/watch?v=u4oXeoJypRI
Пешеход легко отделался,https://www.youtube.com/watch?v=cfaamSgMHKo
Публичный Wi Fi  Додо пицца,https://www.youtube.com/watch?v=6mdUMJ8j6PE
Затянуло под колесо,https://www.youtube.com/watch?v=AGlkD1ekN9w
Не поделили дорогу,https://www.youtube.com/watch?v=X0ZedCQZaRo
ДТП на перекрестке,https://www.youtube.com/watch?v=8d8mnJtSFhU
В погоне за кабанчиками,https://www.youtube.com/watch?v=5JhBjnSIt58
Жесткое падение,https://www.youtube.com/watch?v=G0DLtJviOrk
ДТП на перекрестке,https://www.youtube.com/watch?v=vuv2_SIK-v8
Жесткое столкновение с пожарной машиной,https://www.youtube.com/watch?v=bsD5AJDOUlI
Отлично перестроился,https://www.youtube.com/watch?v=8WBhFumtvtU
Почему именно сейчас?,https://www.youtube.com/watch?v=xWRZi_oLl-I
Велосипедист налетел на пешехода,https://www.youtube.com/watch?v=ezaz4JykruI
Нежданчик,https://www.youtube.com/watch?v=2rp1XW7CFuU
Торопыга,https://www.youtube.com/watch?v=gweVJvWwzCc
Внимание! Велосезон открыт.,https://www.youtube.com/watch?v=lJ_8fYd_2Lo
Спровоцировал аварию,https://www.youtube.com/watch?v=O9n4Jfj-dZY
Покатались!,https://www.youtube.com/watch?v=j9Qu8NjBO0M
Ничего не предвещало,https://www.youtube.com/watch?v=24ntoscdAvs
Слепая зона?,https://www.youtube.com/watch?v=JJwTQariof8
Быстренько проскочить не удалось,https://www.youtube.com/watch?v=WiojVLEX_rM
Избегал столкновения с встречным авто,https://www.youtube.com/watch?v=vdZh_vtatzk
Жесткое столкновение,https://www.youtube.com/watch?v=wIYi37N2c5Y
Дороги в Петрозаводске,https://www.youtube.com/watch?v=5UOJu7EGYd0
Наезд на пешехода,https://www.youtube.com/watch?v=EfJ5SYyLajg
Дорожный конфликт,https://www.youtube.com/watch?v=nQ4sk6y3dxk
Провокатор,https://www.youtube.com/watch?v=b8ngF9vVbjg
Отскочили в последний момент,https://www.youtube.com/watch?v=H5aKtrkEznI
Сбил человека,https://www.youtube.com/watch?v=3KGrRluvKrI
Улетный маневр,https://www.youtube.com/watch?v=F0vlEpgIPKo
Сбил ребенка на пешеходном переходе,https://www.youtube.com/watch?v=DSeZQjzPJd8
Попытка проскочить на красный,https://www.youtube.com/watch?v=PWGk6ezqfK0
Натворил дел,https://www.youtube.com/watch?v=oArex3rWs_c
Автобус сбил пешехода,https://www.youtube.com/watch?v=A9PmALqXmK8
Выкинуло на встречную полосу,https://www.youtube.com/watch?v=2PX34VfNIjI
Не все успели отбежать,https://www.youtube.com/watch?v=wthiXBEOb70
Куча-мала,https://www.youtube.com/watch?v=G0BFY0-CnBI
Перевертыш,https://www.youtube.com/watch?v=9Vx0eHJtjc0
Плохая видимость,https://www.youtube.com/watch?v=n-wKUOtOm84
Не рассчитал траекторию,https://www.youtube.com/watch?v=m_du1vpdThI
Перекрыли проезд,https://www.youtube.com/watch?v=vsGu9T1RDTU
Влетел в столб,https://www.youtube.com/watch?v=7iT_aDIh7HE
Лопнуло колесо у трактора,https://www.youtube.com/watch?v=BkzBGfmh4S8
Не пропустил,https://www.youtube.com/watch?v=7cSNidRRKuk
Теперь постоим вдвоем,https://www.youtube.com/watch?v=isabRq7nt0U
Экскаватор сбил пешехода,https://www.youtube.com/watch?v=JAkTan4H6fo
Не пропустил автобус,https://www.youtube.com/watch?v=MmpBMhtVoqU
Резко затормозил,https://www.youtube.com/watch?v=p4i2l7U7k3Q
Уходил от столкновения,https://www.youtube.com/watch?v=Am5EFjddGn8
Берегись!,https://www.youtube.com/watch?v=1wBD8sSMA_Q
Не успел проскочить,https://www.youtube.com/watch?v=x4MUeCKEPcQ
Спровоцировал ДТП и скрылся,https://www.youtube.com/watch?v=YxFxNol5WVs
Скрылся с места ДТП,https://www.youtube.com/watch?v=BMJY3LfDWik
Лобовое столкновение,https://www.youtube.com/watch?v=r0COmQDqhcw
Далеко выехал,https://www.youtube.com/watch?v=TKVyv1JEdLc
Страшная трагедия в Костомукше,https://www.youtube.com/watch?v=3mypPdMsOTo
Заварил кашу,https://www.youtube.com/watch?v=aXdw620k9x4
Бегом под колеса,https://www.youtube.com/watch?v=NppaWtMQPEs
Со второй попытки,https://www.youtube.com/watch?v=TOoqnAX3RRk
А теперь едем в обратную сторону,https://www.youtube.com/watch?v=C50Db0eivzs
ДТП при повороте,https://www.youtube.com/watch?v=qMuwIUKo43k
Вдребезги,https://www.youtube.com/watch?v=sN9FWapq2n0
А кто то ждет Скорую,https://www.youtube.com/watch?v=z1vxMT_xERE
Столновения избежать не удалось,https://www.youtube.com/watch?v=qcmxQtNhCfM
Сбит пешеход,https://www.youtube.com/watch?v=TKZeRYxA4rg
Попытка проскочить на красный,https://www.youtube.com/watch?v=0fUfmsaLOdA
Ребенок выскочил под колеса,https://www.youtube.com/watch?v=45tuem9kvOo
Приехали,https://www.youtube.com/watch?v=Xznae8mYVZQ
Столкнулись на пустом перекрестке,https://www.youtube.com/watch?v=pr3vO0aj_Rs
Сбили пешехода,https://www.youtube.com/watch?v=dxjGPCY1-94
Поворот не глядя,https://www.youtube.com/watch?v=dIWntLk_SNc
Потерпевший убежал,https://www.youtube.com/watch?v=touZhKY4JmU
ДТП на перекрестке,https://www.youtube.com/watch?v=ehS1nUDpzgg
Больно смотреть,https://www.youtube.com/watch?v=iQ6oHz75IU4
ДТП при обгоне,https://www.youtube.com/watch?v=ge3Cpxd93o4
ДТП на перекрестке,https://www.youtube.com/watch?v=i720SHN8LuA
Влетел в пожарную машину,https://www.youtube.com/watch?v=bTQY-5guyCQ
Куда вообще смотрел?,https://www.youtube.com/watch?v=hDsXx2rbJR0
От полученных травм пешеходы скончались на месте,https://www.youtube.com/watch?v=q-peHy7Pl_A
Осенний мотопробег,https://www.youtube.com/watch?v=7leL0YtBJ6s
Развернуло на 360,https://www.youtube.com/watch?v=lcQRSfNvQkw
Сбил девушку на переходе,https://www.youtube.com/watch?v=sTjJzoxVZN8
Засмотрелся,https://www.youtube.com/watch?v=YNzEKx7AFxE
Что ж так медленно,https://www.youtube.com/watch?v=_dY75jhAHp4
Как ни в чём не бывало,https://www.youtube.com/watch?v=bCnZ_FVh0pk
Двое пострадавших,https://www.youtube.com/watch?v=8IPD5Q0OfRU
Вот это развернуло!,https://www.youtube.com/watch?v=nECDoCi-BEc
Не смогли разъехаться,https://www.youtube.com/watch?v=a3lh0-e0w24
Пожар на Перевалке,https://www.youtube.com/watch?v=c2BMoLECc4M
Курьезный случай,https://www.youtube.com/watch?v=IZonTVu8lLc
Печальный исход,https://www.youtube.com/watch?v=sZdeWwBv-7Q
На этот раз обошлось,https://www.youtube.com/watch?v=1DKGk_EpiNU
Летит на красный,https://www.youtube.com/watch?v=DtwTn_1aAzo
Нестандартная ситуация,https://www.youtube.com/watch?v=ZPf7OsDdHH0
Избегая аварии,https://www.youtube.com/watch?v=fgN_iB6LNCo
Третьему повезло,https://www.youtube.com/watch?v=YTXfR-2LBjg
"Не надо ждать, давайте по встречке",https://www.youtube.com/watch?v=8j1HqPHvsxU
Бегом под колеса,https://www.youtube.com/watch?v=ua5ydfWMKlQ
Грубо подвинул,https://www.youtube.com/watch?v=qHo2uAXex1Y
Убедитесь в безопасности маневра,https://www.youtube.com/watch?v=KBD5fRbvWbU
Любишь кататься — люби и саночки возить,https://www.youtube.com/watch?v=5kDErST8v4s
Да как так-то?,https://www.youtube.com/watch?v=-tme287M49g
Передумал поворачивать,https://www.youtube.com/watch?v=hzVpjDEjPkc
Куда летел?,https://www.youtube.com/watch?v=VMUcd_Ctydo
Жалко собаку,https://www.youtube.com/watch?v=b_8pVUZ-TJg
Не спеши,https://www.youtube.com/watch?v=HnN7CvKKNyU
Немного промахнулся,https://www.youtube.com/watch?v=rxKDrFQ07DY
Странный маневр,https://www.youtube.com/watch?v=tvm4GXM0_lI
Снес светофор,https://www.youtube.com/watch?v=wGpLlEkD-zs
Выбежал под колеса,https://www.youtube.com/watch?v=s-9I4jjo9a4
Велосипедист наехал на автомобиль,https://www.youtube.com/watch?v=7_t3dSJp8_o
Подрезал,https://www.youtube.com/watch?v=DWwOVoGpCy4
Негабаритный груз,https://www.youtube.com/watch?v=5wjQbIeUN7k
Бампер вдребезги,https://www.youtube.com/watch?v=JohW6AyyU7I
Торопыга,https://www.youtube.com/watch?v=KURP0-4Kvdc
Чуть не врезались,https://www.youtube.com/watch?v=nr-MUb7Pw4I
Скрылся с места ДТП,https://www.youtube.com/watch?v=_St4Tg93h0s
Столкнулись на пустом перекрестке,https://www.youtube.com/watch?v=PfCjUDbAE9g
Перевернулся набок от столкновения,https://www.youtube.com/watch?v=muA3SAsikog
"Стоял, никого не трогал",https://www.youtube.com/watch?v=LlPHyOWgIJA
ДТП на перекрестке,https://www.youtube.com/watch?v=8ZL4B4bVB9I
Тройное ДТП,https://www.youtube.com/watch?v=xKa55k5P-24
Сбили пешехода,https://www.youtube.com/watch?v=ZZAeUJe9leQ
Страшное падение,https://www.youtube.com/watch?v=d5c8nJyBEjI
Горим!,https://www.youtube.com/watch?v=gwr4ffTTa3E
Чирк,https://www.youtube.com/watch?v=wlujuY43lPM
Пострадали водитель и пассажир мотоцикла,https://www.youtube.com/watch?v=eX_85FQgtgY
Не вписался в поворот,https://www.youtube.com/watch?v=KDQBFpEkjM4
Интересная траектория,https://www.youtube.com/watch?v=ka6Wl1v6_YM
Кошмар автомобилиста,https://www.youtube.com/watch?v=hwqVDziShok
Выезд на главную,https://www.youtube.com/watch?v=T4VOQFbVS-o
Пешеход госпитализирован,https://www.youtube.com/watch?v=TfF9SzzDNA8
Отвалилось колесо,https://www.youtube.com/watch?v=g7jDxZGc_sY
Перегородили дорогу,https://www.youtube.com/watch?v=Wa0RXZ-MgEI
Сбежал с места ДТП,https://www.youtube.com/watch?v=9nAobLlbTt4
Обошлось без жертв,https://www.youtube.com/watch?v=oYVqhvf_pe0
Таран,https://www.youtube.com/watch?v=NQ7wM5Fh61o
Разборка на проезжей части,https://www.youtube.com/watch?v=TYe11K5u0H0
Слона-то я и не приметил,https://www.youtube.com/watch?v=fmWzzg7NJIw
Выезд на встречку,https://www.youtube.com/watch?v=yifJGwochuU
Как же так?,https://www.youtube.com/watch?v=tadr-1CM9Pk
Не успел,https://www.youtube.com/watch?v=R0PJbSXcnDQ
Виновник очевиден,https://www.youtube.com/watch?v=d3yq4HaxlPU
Утрамбовал,https://www.youtube.com/watch?v=CZE9-A2tn5A
Смотрел в другую сторону,https://www.youtube.com/watch?v=2QbygNU-9L0
Как так то?,https://www.youtube.com/watch?v=sF7zjA3U6CA
Обгон по встречке,https://www.youtube.com/watch?v=5BdZ6aVqoyk
Взрыв автомобиля,https://www.youtube.com/watch?v=JH-KnztcDTY
Поздно пятиться,https://www.youtube.com/watch?v=auLSj5z5Dp4
Куда же повернуть?,https://www.youtube.com/watch?v=j-TeZ7QsfxA
Поцарапал,https://www.youtube.com/watch?v=y0QRAfdqlo8
"Гражданин, пройдемте!",https://www.youtube.com/watch?v=NHYZavAcQYw
Вылетел с проезжей части,https://www.youtube.com/watch?v=cBBWZCWXYec
Опять метеорит?,https://www.youtube.com/watch?v=KPv7iXOB6f8
Сам себя наказал,https://www.youtube.com/watch?v=XyoxMoLtjPg
Столкнулись на пустой дороге,https://www.youtube.com/watch?v=Vwa1jbw2_iE
Держи дистанцию,https://www.youtube.com/watch?v=fvuRHQVCtSI
Главный на кольце,https://www.youtube.com/watch?v=owAVWUVWVQI
Собака выскочила прямо под колеса,https://www.youtube.com/watch?v=6DdOzJGUqYI
Срезал путь,https://www.youtube.com/watch?v=QsFHebrEH8E
Тройное ДТП,https://www.youtube.com/watch?v=eRgcFTCWFrE
ДТП при повороте,https://www.youtube.com/watch?v=ejSTG6lV_EA
Поплатился фарой,https://www.youtube.com/watch?v=V1zfu83n3Cc
Объехать не получилось,https://www.youtube.com/watch?v=4f7IcbwFV1Y
ДТП в момент смены сигналов светофора,https://www.youtube.com/watch?v=mVZSOD9vJh4
Влетел в пожарный автомобиль,https://www.youtube.com/watch?v=lFQaxhMEnU4
Внезапно решил повернуть,https://www.youtube.com/watch?v=bK3Eu2mDfhY
Куда смотрел водитель,https://www.youtube.com/watch?v=f2x9nOMduXY
Снес ограждение.,https://www.youtube.com/watch?v=Khex3e-bqSs
ДТП.Страшные последствия уличных гонок.,https://www.youtube.com/watch?v=1rnUNkzE-uM
Погуляли с собачкой,https://www.youtube.com/watch?v=GAYTpiQfz-A
Сбили ребенка,https://www.youtube.com/watch?v=R74XRlVup6o
Дотолкаем,https://www.youtube.com/watch?v=CS5M0nWrSHE
Зазевался,https://www.youtube.com/watch?v=2o3KUeLfaZU
Браво!,https://www.youtube.com/watch?v=U9bZE4rSAuA
Виновато дерево,https://www.youtube.com/watch?v=l8A9hmBtxV8
Карма,https://www.youtube.com/watch?v=E0HSqmwmqP0
Лоб в лоб,https://www.youtube.com/watch?v=4j8fpOfPkM8
Отделался легким испугом,https://www.youtube.com/watch?v=SG3EGCTLeIA
Зачем так спешить,https://www.youtube.com/watch?v=eN1QigvxTps
Главное поворотник включить,https://www.youtube.com/watch?v=mTlYdBdO7Ho
Торопыга,https://www.youtube.com/watch?v=hwMZWRmPrO8
Психанул,https://www.youtube.com/watch?v=G1AYLl6Thbc
ДТП на перекрестке,https://www.youtube.com/watch?v=XlPhELeQnFg
Отрываясь от земли,https://www.youtube.com/watch?v=vWiJ8rPDvjI
Вторжение,https://www.youtube.com/watch?v=uNLnaQteVxc
"Скрылся, разбив две машины",https://www.youtube.com/watch?v=LfLlOtWMaPQ
Да будет пробка,https://www.youtube.com/watch?v=YED_cpYziVM
Рано выскочил,https://www.youtube.com/watch?v=xzyMTzSNdzU
"Зацепил, но уехал",https://www.youtube.com/watch?v=yUfA8EH-j3w
Уходил от столковения,https://www.youtube.com/watch?v=RFU-qJvH8E0
Идет на таран,https://www.youtube.com/watch?v=dc3qTVXA_P0
Вынесло на встречку,https://www.youtube.com/watch?v=VoFlF4W_iQE
Как-то так,https://www.youtube.com/watch?v=h0SZnFy88BI
ДПС тут как тут,https://www.youtube.com/watch?v=8Tas2jLCKCM
Зацепер,https://www.youtube.com/watch?v=nJcYy63Sm-k
Парное катание,https://www.youtube.com/watch?v=sH0oJRcT0tI
ДТП на перекрестке,https://www.youtube.com/watch?v=Mxnkr2vAOl4
Горе-дрифтеры,https://www.youtube.com/watch?v=P4BwiFzpC-I
Бампер вдребезги,https://www.youtube.com/watch?v=AsO38l8UiEA
Пассажир вылетел из автомобиля,https://www.youtube.com/watch?v=JLldu-wvfE0
Медвежья услуга,https://www.youtube.com/watch?v=TBW5t2vaK9s
Занесло на повороте,https://www.youtube.com/watch?v=hDU9xwKziws
Избежать столкновения не удалось,https://www.youtube.com/watch?v=3xG2HDOjfg4
Вылетел уже на красный,https://www.youtube.com/watch?v=yt9Plfmg46A
Третий успел отскочить,https://www.youtube.com/watch?v=MiP4It1cREM
Вынесло на встречку,https://www.youtube.com/watch?v=o2eB18Rlxks
Не уступил дорогу,https://www.youtube.com/watch?v=PBuT9cIz7Bo
"Вылезай, приехали",https://www.youtube.com/watch?v=yiuuBcMgQak
Переходил на запрещающий сигнал светофора,https://www.youtube.com/watch?v=Yjj8IOi4ZhM
Ворота рухнули на детей,https://www.youtube.com/watch?v=f7xR2_dX8VE
Пострадали два пешехода,https://www.youtube.com/watch?v=jb79GHPhN5M
Больше не торопится,https://www.youtube.com/watch?v=kZaj0HgkrLU
Никого не задавил?,https://www.youtube.com/watch?v=Nj2hgCI4zbQ
Не разъехались,https://www.youtube.com/watch?v=PAAN3fiHKOk
Слепая зона?,https://www.youtube.com/watch?v=-Xh8PPX786E
Лучше бы немного подождал,https://www.youtube.com/watch?v=zH7XjnNYP3E
Развернусь сейчас,https://www.youtube.com/watch?v=KUEnXZy2Gx0
Спровоцировал наезд на  пешехода,https://www.youtube.com/watch?v=B4J9bwzzUd4
ДТП на перекрестке,https://www.youtube.com/watch?v=iVz2yj1KRMU
Желающих подвезти не нашлось,https://www.youtube.com/watch?v=9usLDcb-RBk
Рано выскочил,https://www.youtube.com/watch?v=ezsbjJ2UNQ8
ДТП на перекрестке,https://www.youtube.com/watch?v=pSbZd6_YHc4
Изменил направление,https://www.youtube.com/watch?v=kvcxLBqilos
Не рассчитал траекторию,https://www.youtube.com/watch?v=VkoZTNJEuNc
Скрылся с места ДТП со смертельным исходом,https://www.youtube.com/watch?v=ZthlYHZf-hs
Не догонишь,https://www.youtube.com/watch?v=jhO6U_mPdkM
Двойной удар,https://www.youtube.com/watch?v=fkAl_1AJCkY
"Не трамвай, объедет!",https://www.youtube.com/watch?v=jHKhgda3LUc
ДТП с возгоранием,https://www.youtube.com/watch?v=jJFASZnDfhE
ДТП при развороте,https://www.youtube.com/watch?v=m994Eq-Z91U
Пострадал пешеход,https://www.youtube.com/watch?v=EkF825Zy9sA
Не проедешь,https://www.youtube.com/watch?v=wR5KRfxtRYc
Поворот под стрелку,https://www.youtube.com/watch?v=JPiY93pKrxo
Неожиданный удар,https://www.youtube.com/watch?v=Yc-vmRJ3ghU
Не уступил дорогу,https://www.youtube.com/watch?v=Nbx10zd5060
Повезло,https://www.youtube.com/watch?v=TG4jPT07wKk
"Уважаемые пассажиры, держитесь за поручни!",https://www.youtube.com/watch?v=XENo0Rl068s
Обошлось,https://www.youtube.com/watch?v=CNheenuzETM
Вдребезги,https://www.youtube.com/watch?v=WUbDPzhvUfE
Почему стоим?,https://www.youtube.com/watch?v=hjEFOjW3_M8
Занесло,https://www.youtube.com/watch?v=9NkPYChoRGI
Тройное ДТП,https://www.youtube.com/watch?v=vkcenrmJFjs
Сбили пешехода,https://www.youtube.com/watch?v=eUXvAhK1HyU
Отъедем в сторонку,https://www.youtube.com/watch?v=l62oz-p1jW0
Неудачный маневр,https://www.youtube.com/watch?v=PfLc0B4FsG0
Сбил пешехода,https://www.youtube.com/watch?v=pH1OaqZ-V1k
Сбили на  пешеходном переходе,https://www.youtube.com/watch?v=lsXKH7T6xhM
А посмотреть по сторонам?,https://www.youtube.com/watch?v=VQAlB-U-H74
Дтп на перекрестке,https://www.youtube.com/watch?v=e_DfLLFA_k4
Не глядя перестроился,https://www.youtube.com/watch?v=fHo5Xn_Kb5M
Неуправляемый микроавтобус,https://www.youtube.com/watch?v=u68yKKscJng
Дрифтер сбил пешехода,https://www.youtube.com/watch?v=da7bJU3EEsU
ДТП на перекрестке,https://www.youtube.com/watch?v=aCOlH6S6W-U
Потерял пассажира,https://www.youtube.com/watch?v=5hx6C0mJjUU
Жесткое ДТП,https://www.youtube.com/watch?v=qGl8KF8VDfw
Прямо под колеса,https://www.youtube.com/watch?v=SpJB8U63Yvo
Не смогли разъехаться,https://www.youtube.com/watch?v=aUaRdDu1Vuc
Тройное ДТП,https://www.youtube.com/watch?v=H2RPw9fkhN8
Пробежка закончилась в больнице,https://www.youtube.com/watch?v=0z7NjJ8Rlf0
По ступенькам не едет,https://www.youtube.com/watch?v=LqL8fd-vZ9g
Не пропустил,https://www.youtube.com/watch?v=p1QaPR7hXv8
Торопыга,https://www.youtube.com/watch?v=zSFO45tg8nI
ДТП при повороте,https://www.youtube.com/watch?v=enJQ5eR3fNU
ДТП на кольце,https://www.youtube.com/watch?v=u29HK-rwyfg
Стартуем вместе,https://www.youtube.com/watch?v=n5S3JUo1U3E
ДТП на пустом перекрестке,https://www.youtube.com/watch?v=DYX5OPJQ_ig
Вовремя остановился,https://www.youtube.com/watch?v=uUWyElsFHCU
Пробраться не получилось,https://www.youtube.com/watch?v=ZZy5_IBIPSs
Скрылся во  дворах,https://www.youtube.com/watch?v=Jg90YyiRWi8
Сложно выезжать,https://www.youtube.com/watch?v=ZYVnEjb0h2Y
Поздно пятиться,https://www.youtube.com/watch?v=wilU19tXl5o
Занесло,https://www.youtube.com/watch?v=IIvHvsqNnjk
Определяется с направлением,https://www.youtube.com/watch?v=s7L6jr_IrHY
На этот раз обошлось,https://www.youtube.com/watch?v=fJpQPAJIwUA
Врезался в автобус,https://www.youtube.com/watch?v=YxzIhGKeM4I
Дистанция,https://www.youtube.com/watch?v=_Guc5h7m6-o
Рисунок на снегу,https://www.youtube.com/watch?v=P7lDV8-kQzI
В Петрозаводске новый эвакуатор,https://www.youtube.com/watch?v=wsdlVl0Qjvg
Далеко выехал,https://www.youtube.com/watch?v=zQkMA2S1-2s
Занесло,https://www.youtube.com/watch?v=CAuRnQ3qWN0
Скатился с горки,https://www.youtube.com/watch?v=Y6mN2sU4-gk
Сбили пешехода,https://www.youtube.com/watch?v=7nc-xdAkEoE
Совсем запутался,https://www.youtube.com/watch?v=lyVGBhAFKbk
Переходил на красный сигнал светофора,https://www.youtube.com/watch?v=QtqZm8qKSbc
Убежал с места ДТП,https://www.youtube.com/watch?v=MLJlDxxT0b8
Неосмотрительный выезд,https://www.youtube.com/watch?v=Qp8EagM9EJk
Разворачивайся,https://www.youtube.com/watch?v=T349_sX2cgk
Помеха слева,https://www.youtube.com/watch?v=sFVoejKN33Q
Лезет под фуру,https://www.youtube.com/watch?v=uR7Y5WVinXE
Сбили пешехода,https://www.youtube.com/watch?v=u520esVXILU
Уже горит красный,https://www.youtube.com/watch?v=l4U1NNG0xLs
Слегка задел,https://www.youtube.com/watch?v=afrV7GOUXsU
Искатель приключений,https://www.youtube.com/watch?v=K6uZykIQKM8
Да я же пошутил,https://www.youtube.com/watch?v=WHHvKLjQBuY
Зазевался,https://www.youtube.com/watch?v=uA6z4JvcoZ0
Выздоравливай скорее!,https://www.youtube.com/watch?v=wZ1eY686NAc
Сбил на переходе,https://www.youtube.com/watch?v=S-xqiJ7Qyt4
Извиняется?,https://www.youtube.com/watch?v=lccH1J3suKw
Повторите с детьми ПДД!,https://www.youtube.com/watch?v=-jQhY4gRyM0
Куда рванул?,https://www.youtube.com/watch?v=SgTIoeZKZeU
Самое время проскочить,https://www.youtube.com/watch?v=W5ur5wqbEl0
Посмотрел на дальний светофор,https://www.youtube.com/watch?v=S7wMp8Bs1YE
"Все, приехали",https://www.youtube.com/watch?v=FLEJwiyH7Wo
Скрылся с места ДТП,https://www.youtube.com/watch?v=DeZUZWwgU7c
Утреннее шоу,https://www.youtube.com/watch?v=AbyiqXunkho
Претензий не имею,https://www.youtube.com/watch?v=Ba4wNnBrTnk
"Спасибо, что пропустил",https://www.youtube.com/watch?v=Nw34hqDBRPk
"Подвиньтесь, я спешу!",https://www.youtube.com/watch?v=4tfWyTN3utw
С добрым утром!,https://www.youtube.com/watch?v=c22HIkd0FEA
Поздно оглядываться,https://www.youtube.com/watch?v=a3Fh71PlbJo
Подрезал на кольце,https://www.youtube.com/watch?v=da-UAUawjhI
Срезал поворот,https://www.youtube.com/watch?v=epLb4KAz8Q8
Выезд на встречку,https://www.youtube.com/watch?v=Jm_O6U1s288
Проскочить не получилось,https://www.youtube.com/watch?v=TCvh5lhGkrY
Можно и так конечно,https://www.youtube.com/watch?v=1MOoCJcP6q4
Как будто так и было,https://www.youtube.com/watch?v=XIOX-Qos0LI
Отключили светофоры,https://www.youtube.com/watch?v=YwEiPsx0TM8
Сбил ребенка,https://www.youtube.com/watch?v=adV-vaIU1jY
Страшно смотреть,https://www.youtube.com/watch?v=vGddR9_1rTU
Сбил двоих,https://www.youtube.com/watch?v=hFAaSLOI6W0
Все ходы записаны,https://www.youtube.com/watch?v=Udo0r_19aGE
"Не спеши, а то успеешь.",https://www.youtube.com/watch?v=FH02dHZmSW0
"А что, так можно было?",https://www.youtube.com/watch?v=ZvV4PC_XiSk
Точка пересечения,https://www.youtube.com/watch?v=rl41Nj0Xx1E
Сила удара,https://www.youtube.com/watch?v=qfSKbmIyqGk
Приехали,https://www.youtube.com/watch?v=fdKM0jyQZcM
Награда нашла героя,https://www.youtube.com/watch?v=E-8aTTxzQWY
Зацепил мотоциклиста,https://www.youtube.com/watch?v=9xJ1fAecMLY
"Извините, не заметила",https://www.youtube.com/watch?v=QmjDvbOfnJA
Едем дальше,https://www.youtube.com/watch?v=ZZjlpy8S0Hc
Не поздно развернуться,https://www.youtube.com/watch?v=saoIhj3OiXI
ДТП с искоркой,https://www.youtube.com/watch?v=Q7eEpIpz-Us
"Поеду, вроде не задел",https://www.youtube.com/watch?v=pu05TIMD-qo
Не та передача,https://www.youtube.com/watch?v=NcVdkig5Pi0
Притормозил уже на газоне,https://www.youtube.com/watch?v=F24zoUzLVX4
Как же так?,https://www.youtube.com/watch?v=L3NjQaxED14
"Нет слов, одни эмоции",https://www.youtube.com/watch?v=gbq2kuwyE1c
Как нога?,https://www.youtube.com/watch?v=wFjvorkNDkA
Разлетелись в разные стороны,https://www.youtube.com/watch?v=SEOPvjdwAQ0
Могло быть хуже,https://www.youtube.com/watch?v=UfTAleM6idM
"Отъедем, поговорим",https://www.youtube.com/watch?v=MrEz3skROZE
Накатило,https://www.youtube.com/watch?v=-YeUETvRB_I
В упор не видит,https://www.youtube.com/watch?v=AOn8m_xg-UA
Искренне сочувствуем,https://www.youtube.com/watch?v=gbZKPwv9Om8
Скоростной режим,https://www.youtube.com/watch?v=zxi5latwdm0
Отличный прыжок,https://www.youtube.com/watch?v=JzUsJjM91PQ
Напоминаем о правилах,https://www.youtube.com/watch?v=q-GEaKvLxnk
Взлет разрешен,https://www.youtube.com/watch?v=nemZo7ABhEw
Заблудился?,https://www.youtube.com/watch?v=gKQYwW0ompc
В нужном месте в нужный час,https://www.youtube.com/watch?v=sh2IfTWZyKc
Сюрприз за автобусом,https://www.youtube.com/watch?v=59SH2heL88A
Не получилось проскочить,https://www.youtube.com/watch?v=lHQjJFntiYI
Хотел уже было проскочить,https://www.youtube.com/watch?v=5C6XM3cNuXE
"Разрешите, я вас подниму",https://www.youtube.com/watch?v=tWC5sY7rOfM
Еду—куда глаза глядят,https://www.youtube.com/watch?v=IV_lwmGxFm0
Обошлось без жертв,https://www.youtube.com/watch?v=8qTYKLeRbsU
Третий не успел,https://www.youtube.com/watch?v=womkZTGHock
Прямо или налево?,https://www.youtube.com/watch?v=q2sT2zJ_kuQ
Тормози!,https://www.youtube.com/watch?v=Uru_xEW3k8I
"Встречайте, уже еду!",https://www.youtube.com/watch?v=5q3vCzR18n8
Чудом избежал ДТП,https://www.youtube.com/watch?v=QGSZHE0bZSM
Оперативность ГИБДД,https://www.youtube.com/watch?v=4rMCuCuN8QY
Ведь главное велосипед в порядке,https://www.youtube.com/watch?v=9HDhSOnbPF0
Сюрприз за поворотом,https://www.youtube.com/watch?v=zZnxUfY0U2Y
Задумался?,https://www.youtube.com/watch?v=zJ2JrZd6bHM
Не вписался,https://www.youtube.com/watch?v=Wv227xZynLs
Не коснулся,https://www.youtube.com/watch?v=bfHBp_rE0UE
Посадил на капот,https://www.youtube.com/watch?v=SPBSK0ytU-w
Неравнодушные водители,https://www.youtube.com/watch?v=q9HNS_eL1Rc
Куда же теперь?,https://www.youtube.com/watch?v=BOU0IgC-o88
Все равно догоню,https://www.youtube.com/watch?v=b0mQvbFlXjg
Что же дальше не поехал?,https://www.youtube.com/watch?v=MDW63LCLHHM
Сам в шоке,https://www.youtube.com/watch?v=HtYDbNjx80s
Столкновение с пожарной машиной,https://www.youtube.com/watch?v=YL4vgV_3GEI
Не ожидал такого поворота,https://www.youtube.com/watch?v=SrTODKdUFqU
"Объяснил, как надо ездить",https://www.youtube.com/watch?v=MYN-8zHfnkQ
Скользит на все 180,https://www.youtube.com/watch?v=1xWERsNijWI
Поздно перестроился,https://www.youtube.com/watch?v=EB80CHcsmq8
Как не надо делать,https://www.youtube.com/watch?v=M2hnsGu6AB8
Хорошо был пустой перекресток,https://www.youtube.com/watch?v=K3BbpEccwOU
Водителю стало плохо,https://www.youtube.com/watch?v=ov-BfKxM9yM
Не уступил дорогу,https://www.youtube.com/watch?v=YAejOuTAcsI
Водитель даже не вышел,https://www.youtube.com/watch?v=noSMRi_nke4
Ох уж эти кольца,https://www.youtube.com/watch?v=4AFh-3FK3yc
"Ой, здесь же поворачиваем",https://www.youtube.com/watch?v=DWfS019RyRc
"Выходим, троллейбус дальше не поедет",https://www.youtube.com/watch?v=JxGLXigd0p0
Отделались царапинами,https://www.youtube.com/watch?v=5PmbJIQjayY
Что несем?,https://www.youtube.com/watch?v=FJDtdyxI_Tg
Оставил свой след,https://www.youtube.com/watch?v=bqATsau-fNU
Опять нарушаем?,https://www.youtube.com/watch?v=Xw53Or7I718
Как так-то?,https://www.youtube.com/watch?v=0jMHCbgt-zI
Обгоняя конкурентов,https://www.youtube.com/watch?v=MtWw-JLDPSc
Опасайся самоката,https://www.youtube.com/watch?v=Z0R_z5UPItA
Не смогли разъехаться,https://www.youtube.com/watch?v=CBNi3NxyGX4
Зато первый на остановке,https://www.youtube.com/watch?v=NAr2IFFVy1c
Петрозаводский марафон 2019,https://www.youtube.com/watch?v=KgXJbTnrj3E
По встречной полосе с пассажирами,https://www.youtube.com/watch?v=K6q2RjoVumI
Недоброе утро,https://www.youtube.com/watch?v=3JB-L0VKNZg
Я тоже успею,https://www.youtube.com/watch?v=wteh12WoXV0
Последствие касательного столкновения,https://www.youtube.com/watch?v=gv2SnchRpg8
Потерял управление,https://www.youtube.com/watch?v=Tew7u4zt20k
Потеряшки,https://www.youtube.com/watch?v=Z3e0Iyz_wCs
Каникулы начнутся в больнице,https://www.youtube.com/watch?v=nWj55Nt7MmA
«Ситилинк» в лицах.,https://www.youtube.com/watch?v=B_YrUxq0FnQ
Далеко выехал,https://www.youtube.com/watch?v=mZkPtTvxTzg
Берегите детей,https://www.youtube.com/watch?v=dalV3TdIoEI
Разлетелись осколки,https://www.youtube.com/watch?v=wlqjBjLfRXo
Утреняя неприятность,https://www.youtube.com/watch?v=sX7zvvzWooM
Опасные игры,https://www.youtube.com/watch?v=2F2F606YC8Q
Сократил путь по своему усмотрению,https://www.youtube.com/watch?v=7AqoBsXq1rY
Пора поставить знаки,https://www.youtube.com/watch?v=_XgdhWplWpo
Заварил кашу,https://www.youtube.com/watch?v=K00VTf0EIK0
Не с той полосы,https://www.youtube.com/watch?v=DS0h1wO--s4
Игривое настроение,https://www.youtube.com/watch?v=aXnfRPrYKuY
Так и не дошел,https://www.youtube.com/watch?v=DmHPeUWmR-4
Перебежать или пропустить,https://www.youtube.com/watch?v=tkh-hi3ytHY
Против правил,https://www.youtube.com/watch?v=_JE6FIHVAYU
«Ситилинк» в лицах.,https://www.youtube.com/watch?v=w4TtqlnX3Q0
Напугали пешехода,https://www.youtube.com/watch?v=wlLckMV5fME
Утром на Октябрьском проспекте,https://www.youtube.com/watch?v=DE2tunsJ4xw
Надеюсь живой,https://www.youtube.com/watch?v=pjz4aE5pfHo
Огненная ярость,https://www.youtube.com/watch?v=lg8lUDXrKUc
Что-то выходить не хочется,https://www.youtube.com/watch?v=dryQtUFpKRE
Мерседес на Ямахе,https://www.youtube.com/watch?v=xYolmjl5xoo
Внезапный кульбит,https://www.youtube.com/watch?v=4xVH7jEcNl4
"По ногам, как по асфальту",https://www.youtube.com/watch?v=m8R6akAyn1U
Думал проскочить,https://www.youtube.com/watch?v=2ogg_htKcDA
Столкнулись на пустой дороге,https://www.youtube.com/watch?v=V-LVTySNXAQ
Тройное ДТП,https://www.youtube.com/watch?v=fJEAyt8Z6Ag
Не уступил дорогу,https://www.youtube.com/watch?v=6sCD-VCZTUk
Прижал на кольце,https://www.youtube.com/watch?v=5-RXEFz8nds
Налетел на пешехода,https://www.youtube.com/watch?v=13ab-q90sJ0
«Ситилинк» в лицах,https://www.youtube.com/watch?v=31Z8hh2pPH4
Отлетело колесо,https://www.youtube.com/watch?v=WeJpX79Vae4
Бесстрашная Ока,https://www.youtube.com/watch?v=DwBLurcxJmI
Гонка с последствиями,https://www.youtube.com/watch?v=gjWK-0Mn5So
Наезд на торопыгу пешехода,https://www.youtube.com/watch?v=osVtbtOAkMI
Невнимательность,https://www.youtube.com/watch?v=u6bC5tBArfs
Незаконченный маневр,https://www.youtube.com/watch?v=MbYA9o9nnOU
Еще раз о правилах,https://www.youtube.com/watch?v=_E2VLnraVRM
Сгорел на работе,https://www.youtube.com/watch?v=hN69DngrPEQ
Наперегонки с самокатом,https://www.youtube.com/watch?v=nK_eJHSJ6oQ
Зачем ждать,https://www.youtube.com/watch?v=73vj4FDRIrQ
Так быстрее,https://www.youtube.com/watch?v=I5fUuCryZ_Q
Не успел,https://www.youtube.com/watch?v=9-EQjVG1J0k
Лобовое столкновение,https://www.youtube.com/watch?v=Mb6QLBnE5FU
Зацепил,https://www.youtube.com/watch?v=u0o7jGJlnZ0
Не соблюдал дистанцию,https://www.youtube.com/watch?v=ARtSOGJGNTk
Побежал под колеса,https://www.youtube.com/watch?v=ZATZvR5G23A
Догнал сзади,https://www.youtube.com/watch?v=fyxFR2C8aOw
Столкновение на кольце,https://www.youtube.com/watch?v=qjY8hr3u0zI
Далеко выехал,https://www.youtube.com/watch?v=4pQd_zxttVk
Потерял колеса,https://www.youtube.com/watch?v=hra-M_faY0s
Хотел проскочить,https://www.youtube.com/watch?v=TScUOtIrsn0
Троллейбус протащил под собой пешехода,https://www.youtube.com/watch?v=o92AGxzH3f4
Дал по газам после ДТП!,https://www.youtube.com/watch?v=a5LqecXOZlY
Человек попал под машину на пешеходном переходе.,https://www.youtube.com/watch?v=sGYbFMXHCdw
"Снес нарушителя, повернувшего на встречку.",https://www.youtube.com/watch?v=jMmL6NcdVGg
"Пешеход едва убежал, когда ладу бросило в столб.",https://www.youtube.com/watch?v=uX6ISztunvk
Пожарный урал занесло на встречке,https://www.youtube.com/watch?v=btTtqd4bVGE
На грани столкновения,https://www.youtube.com/watch?v=Rs9-7QeLVZY
Массовая драка и неудавшийся наезд на толпу,https://www.youtube.com/watch?v=67Jx-Jfq9HM
Подпрыгнул перед ДТП,https://www.youtube.com/watch?v=k3QeN99EbUs
Прямо в столб!,https://www.youtube.com/watch?v=ZRdpodBhE3s
Самосвал упал на авто,https://www.youtube.com/watch?v=Hbws-mqcYY8
Жесткое дтп с пешеходом,https://www.youtube.com/watch?v=_m4Uelun2W0
Ужасное ДТП,https://www.youtube.com/watch?v=cSY4LuVjaWE
Жесткое дтп подкинуло ПАЗик,https://www.youtube.com/watch?v=qctzIbJBBmU
Мотоциклист догнал автомобиль,https://www.youtube.com/watch?v=hp8hVtGDncQ
сбили пешехода в Кондопоге,https://www.youtube.com/watch?v=IfR85AoUlPU
Сбил. Погрузил в машину. Уехал,https://www.youtube.com/watch?v=BuPIU-a_A7w
Догнал у пешеходника. Страйк 2,https://www.youtube.com/watch?v=dV-kX8pyNo4
Догнал у пешеходника. Страйк!,https://www.youtube.com/watch?v=lZcXPHTxriY
Перевертыш,https://www.youtube.com/watch?v=56nZIxnqY0Q
Перебежал дорогу,https://www.youtube.com/watch?v=-2Y9NuCrUto
ДТП на перекрестке,https://www.youtube.com/watch?v=u2lKY4nsIAw
Шаолиньские разборки,https://www.youtube.com/watch?v=9YCMnS894cw
Наезд на пешехода!,https://www.youtube.com/watch?v=AIk700fO_00
Мощное Дтп на перекрестке,https://www.youtube.com/watch?v=uhRZ2uNUhIY
Врезался и уехал,https://www.youtube.com/watch?v=Jp5jmfxyIus
Пьяный за рулем на глазах у ДПС разбивает машину,https://www.youtube.com/watch?v=8IeXDI3JdHI
Драка в Кондопоге на детской площадке,https://www.youtube.com/watch?v=WfakgW7gIZc
"Рядовое ДТП на повороте, даже сами разобрались",https://www.youtube.com/watch?v=9mdSKx0jL3Q
"Подрезал автобус, за что и был наказан",https://www.youtube.com/watch?v=6-_2hViQxLg
Лобовая джипа с седаном,https://www.youtube.com/watch?v=Rr9CBG_rpVI
Наезд на ребенка,https://www.youtube.com/watch?v=MIDMLxZ_Kn8
МАШИНУ РАЗДАВИЛО ЖЕЛЕЗНОДОРОЖНЫМИ КАТКАМИ,https://www.youtube.com/watch?v=pneN6-_nHrA
"Ну куда же... Смотри, что получилось",https://www.youtube.com/watch?v=CMmDxhiEjnI
Ха! Самый умный,https://www.youtube.com/watch?v=1xfj9GEekBE
Не смогли угнать автомобиль,https://www.youtube.com/watch?v=_Fj0B2EvAlc
Кто виноват?,https://www.youtube.com/watch?v=0lQWsb6totw
Опасные маневры во дворе,https://www.youtube.com/watch?v=fpdY7eMtVJI
Прилетел цветочый горшок на крышу,https://www.youtube.com/watch?v=8FoxPZtlXHg
Режет колеса,https://www.youtube.com/watch?v=8zgZ2TQeoD4
Сбили пешехода,https://www.youtube.com/watch?v=i44oOope-t4
Серьезное ДТП с переворотом,https://www.youtube.com/watch?v=N83L1uCkE2g
Чуть было не было,https://www.youtube.com/watch?v=QRbKKC9FQi4
Подрезал грузовик!,https://www.youtube.com/watch?v=eupp7GjSGiI
Вот так газанул!,https://www.youtube.com/watch?v=JiV73Kj7UkI
Врезался в ковш трактора!,https://www.youtube.com/watch?v=Wt7pEizS_TY
Прав ли обочечник?,https://www.youtube.com/watch?v=UFvSYEipQNg
СБИЛИ РЕБЕНКА,https://www.youtube.com/watch?v=EuLpW7q87dE
В чем логика?,https://www.youtube.com/watch?v=igRnySdnKiQ
Сбил дорожный знак и уехал,https://www.youtube.com/watch?v=HoagIC9RoCw
Догнал на повороте!,https://www.youtube.com/watch?v=97t6OtiIkU4
"ДТП, вынесло в ограждение!",https://www.youtube.com/watch?v=v_xH6kovhq0
Сгоняли за пивком ночью,https://www.youtube.com/watch?v=zitMcXxGh-c
Беспалевно ворует бензин,https://www.youtube.com/watch?v=Cjw4xv77ySI
Успеть на мигающий зеленый!,https://www.youtube.com/watch?v=f60-mBKJonA
Не женская женская драка!,https://www.youtube.com/watch?v=j11hCJ48uVE
Сезон мото ДТП открыт,https://www.youtube.com/watch?v=PVjQGkqMTMA
Пешеходы родились в рубашке,https://www.youtube.com/watch?v=BG-jG3pgMdk
Не со своего ряда,https://www.youtube.com/watch?v=3s3HrAJmZLA
Сдавал задним ходом во дворе,https://www.youtube.com/watch?v=et-9xWtA93E
Пропустил пешехода и попал в ДТП,https://www.youtube.com/watch?v=K8Jx5sPcItA
Покинул место ДТП,https://www.youtube.com/watch?v=lvw-8m3E7Pc
Сбили велосипедиста,https://www.youtube.com/watch?v=Ffd00s3i7rU
"ДТП, два друга нашли друг друга!",https://www.youtube.com/watch?v=aRn2bLVugFk
Вежливые водители в Петрозаводске,https://www.youtube.com/watch?v=q10hn0K6uYc
Неожиданная встреча на кольце,https://www.youtube.com/watch?v=Lk1_5Th_ak8
Вежливый водитель в Кондопоге,https://www.youtube.com/watch?v=cbszJhaaqLQ
Да чтож ты,https://www.youtube.com/watch?v=s2VIhyNfBcM
"Когда горит красный, но очень хочется проехать!",https://www.youtube.com/watch?v=j9HhNKX1Amk
"ДТП на проблемном перекрестке, Кондопога",https://www.youtube.com/watch?v=h6U_7aAvPgE
Автобус раздавил собачку,https://www.youtube.com/watch?v=B1Rez3DVQN4
Задержание водителя,https://www.youtube.com/watch?v=TqFxvR6b9ro
Парапарапаравозик,https://www.youtube.com/watch?v=4YBrGy5MP_g
Улетел в опору ЛЭП,https://www.youtube.com/watch?v=WVeMoOdKYYE
"Лесовоз ""разбросал"" бревна",https://www.youtube.com/watch?v=P28DFb6tSKQ
Догнал на перекрестке,https://www.youtube.com/watch?v=tO00BLE0M_E
Бздишь! Смаш! Машина в хлам!,https://www.youtube.com/watch?v=VHG2pg1eruc
Бетономешалка врезалась в седан,https://www.youtube.com/watch?v=re35csTHoa0
Не пропустил встречку,https://www.youtube.com/watch?v=R_x5cGv21JM
Чуть не убил,https://www.youtube.com/watch?v=u_WHq_24hbw
Да как так!,https://www.youtube.com/watch?v=6bJyx9WtYGY
Ну сколько можно,https://www.youtube.com/watch?v=fEx8s5DlOww
Красава! Влетел в стоячего!,https://www.youtube.com/watch?v=Pm456ID1asY
Дворовые разборки,https://www.youtube.com/watch?v=qkT_sWINowQ
Второй день рождения пешехода,https://www.youtube.com/watch?v=L672SaWHrsg
Авто стукнуло троллейбус,https://www.youtube.com/watch?v=Z7d5GqBf-P8
ДТП в Кондопоге,https://www.youtube.com/watch?v=wSMmU8Qvl08
Совершил ДТП и скрылся,https://www.youtube.com/watch?v=xPDGcOM18II
СБИЛИ РЕБЕНКА,https://www.youtube.com/watch?v=zAdMQz2nUOg
Что же вы по сторонам то не посмотрели?!,https://www.youtube.com/watch?v=jEJOptuVzws
Додрифтовался,https://www.youtube.com/watch?v=OSU6kyL2GTU
Спешка с парковкой,https://www.youtube.com/watch?v=ilDNPIChCWM
Задержание за 3 минуты?!,https://www.youtube.com/watch?v=VNWYFN0I2Z0
Лобовое ДТП на ул. Гоголя,https://www.youtube.com/watch?v=Nj3uxEHaJac
Встретился с пожарной машиной на перекрестке,https://www.youtube.com/watch?v=hIzx2IpdWxg
"Дворовая драка, 1 vs 4!",https://www.youtube.com/watch?v=mar5qXBODD8
Очень глупое ДТП,https://www.youtube.com/watch?v=RWGskjPektg
Утренняя драка в центре,https://www.youtube.com/watch?v=5teq3gwcTUo
Солнышко ослепило на перекрестке,https://www.youtube.com/watch?v=4xKQR7jpO-w
"И от машины увернулся, и пешеходов не сбил!",https://www.youtube.com/watch?v=WusB8WTyFEc
"Обидно, ведь летел на зеленый",https://www.youtube.com/watch?v=jV65eOc7DCQ
ДТП откуда не ждали!,https://www.youtube.com/watch?v=XK8sgYZsQ-c
ДТП на ночном перекрестке,https://www.youtube.com/watch?v=oo82cY1Fe8U
"Это они что, бензин слили?",https://www.youtube.com/watch?v=E3H85Ks4wc8
Сбили пешехода на Древлянке,https://www.youtube.com/watch?v=boQ2EH1qy2s
Жаль звука нет,https://www.youtube.com/watch?v=_YgtX15UQCw
ДТП на левом повороте у Автовокзала,https://www.youtube.com/watch?v=RT2pL6dePxE
Небольшое ДТП в Кондопоге,https://www.youtube.com/watch?v=R4XkuiEsIXY
И такое к сожалению случается,https://www.youtube.com/watch?v=aY-QxXvgLwU
Интересное ДТП,https://www.youtube.com/watch?v=fsBBltKoZX4
Кто виноват?,https://www.youtube.com/watch?v=AhxrT74WRyk
18+ кобель задрал маленькую собачку,https://www.youtube.com/watch?v=gGSJpoSfnkg
Поспешил на мигающий зеленый,https://www.youtube.com/watch?v=EbjzPTgAMrM
Столкновение с маршруткой на Невского,https://www.youtube.com/watch?v=n2o32NsF-wM
"Невский дрифт, Петрозаводск",https://www.youtube.com/watch?v=xPGAlkYYMP4
Ох как влетел,https://www.youtube.com/watch?v=6gZKagY6fkw
"ДТП на Зайцева, лобовое",https://www.youtube.com/watch?v=kCyulBhXSww
"ДТП на Октябрьском, классику занесло",https://www.youtube.com/watch?v=nPM82TmL0iI
Снова ДТП на Чапаева,https://www.youtube.com/watch?v=31I-zpOK5zY
Что это бахнуло?,https://www.youtube.com/watch?v=2p-23FYLL70
ДТП на глазах ДПС,https://www.youtube.com/watch?v=BKzB2jSNKTg
Неожиданный маневр и ДТП,https://www.youtube.com/watch?v=VykmgdXGryY
Сбили или сам упал?,https://www.youtube.com/watch?v=ICu80TQy660
Новогоднее ДТП,https://www.youtube.com/watch?v=_EZO8QKSmaw
Кто же так поворачивает?,https://www.youtube.com/watch?v=-XiN3M7i-fQ
Фура и легковой автомобиль,https://www.youtube.com/watch?v=ryhCRq3XYuA
НИКОГДА ТАК НЕ ДЕЛАЙТЕ,https://www.youtube.com/watch?v=C20v16uSuI8
Не повезло,https://www.youtube.com/watch?v=IlCPt0QtdH0
Отвлекся,https://www.youtube.com/watch?v=m0V4Xy9wZTE
"ДТП, въехал в бордюр",https://www.youtube.com/watch?v=-4sHjJII8hA
Классическое ДТП на кольце,https://www.youtube.com/watch?v=wIKxln5sHRQ
очередная драка в Кондопоге,https://www.youtube.com/watch?v=40cwwRFuZSQ
"ДТП, вылетел на обочину",https://www.youtube.com/watch?v=IKPhne_GJs8
Сбили или не сбили собаку?,https://www.youtube.com/watch?v=dUCtKWGwqdk
Собака? Кошка? Заяц?,https://www.youtube.com/watch?v=UsdO3gHBzHQ
Потенциально опасно,https://www.youtube.com/watch?v=bx4p8mr8P_E
Нарушение правил перевозки,https://www.youtube.com/watch?v=duvtmG5EguQ
И откуда такие берутся?,https://www.youtube.com/watch?v=r2uF4s4u81w
Загорелась проводка,https://www.youtube.com/watch?v=qea4Jr6hfm8
Троллейбус даже не качнулся,https://www.youtube.com/watch?v=DHg4Hx-1W-4
"""Ой, мне направо""",https://www.youtube.com/watch?v=S_HsUAYIG8k
Ребенок чуть не попал под колеса,https://www.youtube.com/watch?v=_iWqtu74NGQ
"""Завелся на передаче""",https://www.youtube.com/watch?v=uC02Gn9i254
"ДТП, чуть не задели пешехода",https://www.youtube.com/watch?v=rOmcKAF8LeQ
Избили двух женщин!,https://www.youtube.com/watch?v=yAEewCAEWPY
"""Забыл"", что нужно нажать на тормоз",https://www.youtube.com/watch?v=brWxMRB8VbE
Летел на мигающий,https://www.youtube.com/watch?v=ds26dcg8FAk
"ДТП с маршруткой, Октябрьский!",https://www.youtube.com/watch?v=PUqthUHHL84
"Наезд на пешехода, Петрозаводск!",https://www.youtube.com/watch?v=S1vWkiZFyPs
Тройное ДТП на Ленина,https://www.youtube.com/watch?v=z2Mt9fQVmzM
Авария у Макси,https://www.youtube.com/watch?v=ubyVBYIdiI0
Неожиданный удар справа,https://www.youtube.com/watch?v=stfpCPCSPpo
Сбили пешеходов на Невского,https://www.youtube.com/watch?v=FWW3c-_M7mE
ДТП на чапаевском кольце,https://www.youtube.com/watch?v=Hrmuts67GSc
Нечестный бой!,https://www.youtube.com/watch?v=zbSgm1jOhcg
Встретились в лобовую,https://www.youtube.com/watch?v=HyNbhAT4yTA
"Чапаева, ""левый поворот""!",https://www.youtube.com/watch?v=cVwotOmZRE8
Утреннее ДТП на Мелентьевой,https://www.youtube.com/watch?v=gX3_6UhkUYk
"""Пропустите меня! Я главный!""",https://www.youtube.com/watch?v=y7ZUwY9WmqI
"""Легкое"" ДТП на Анохина",https://www.youtube.com/watch?v=WO6r3Yby0ks
Новое ДТП на Чапаева,https://www.youtube.com/watch?v=8r2lMd_NqpI
Грузовик дрифтует!,https://www.youtube.com/watch?v=Hc4zPVEjeig
"ДТП спешки, Кондопога",https://www.youtube.com/watch?v=BmeA5mpE2I8
Долетался до ДТП,https://www.youtube.com/watch?v=Wz-AluwbuxM
ДТП Кондопога,https://www.youtube.com/watch?v=L_heFOPpJW8
Не успел среагировать,https://www.youtube.com/watch?v=Pl5zVkL_CTI
Несется не разбирая дороги,https://www.youtube.com/watch?v=X54jqT6kmr4
ДТП на Чапаева,https://www.youtube.com/watch?v=aje2NHCSGrg
Куда смотришь?,https://www.youtube.com/watch?v=XCKi9fYTbrE
Он это специально?,https://www.youtube.com/watch?v=ra5uhoPh59Y
Будьте внимательны. Гололед!,https://www.youtube.com/watch?v=jnR3vW3ZehI
Дрифт с печальным исходом!,https://www.youtube.com/watch?v=iuNjkeIy_Wk
Торопыга,https://www.youtube.com/watch?v=DkNXljWFHyM
Чуть не сбил пешехода!,https://www.youtube.com/watch?v=SrXJ-nN2W9A
Не спеши,https://www.youtube.com/watch?v=BlHoW9VusEA
Съехал в кювет!,https://www.youtube.com/watch?v=-tXohMkh_xE
"ДТП, левый поворот, с 50-ой секунды!",https://www.youtube.com/watch?v=om9CYIYMORQ
"Сбили насмерть, Петрозаводск!",https://www.youtube.com/watch?v=2JNBEbjf4x8
Лобовое на Ровио,https://www.youtube.com/watch?v=gx01A-fUx24
Газель перевернулась!,https://www.youtube.com/watch?v=xJpRhSH1qiM
Красивое ДТП,https://www.youtube.com/watch?v=kUn6Zqmh8OY
"Сбили на переходе, Кондопога!",https://www.youtube.com/watch?v=PDJUa8eNgB4
ДТП на левом повороте,https://www.youtube.com/watch?v=m8IWgDzOoOQ
Чуть не задавил пешехода!,https://www.youtube.com/watch?v=UlWuFVjSpvc
Кто виноват?,https://www.youtube.com/watch?v=JO7253zTjBE
Вот голова-то есть?,https://www.youtube.com/watch?v=0gqwA33yIRQ
"Сбили пешехода, Кондопога!",https://www.youtube.com/watch?v=vkyX-SBE1oI
Ребенок попал под колеса,https://www.youtube.com/watch?v=hsB5P-LSV5k
Драка у подъезда,https://www.youtube.com/watch?v=1iginpRyKLQ
Ночной дрифт,https://www.youtube.com/watch?v=-JyxzUFcyQg
Чудом обошлось без жертв,https://www.youtube.com/watch?v=Z6CWI8WLtYQ
Занесло на повороте,https://www.youtube.com/watch?v=NP8bFpnCwM4
Не разъехались на скользкой дороге,https://www.youtube.com/watch?v=Y0yQTSD5pk4
Влетел в грузовик,https://www.youtube.com/watch?v=Cp54Q-p9wg8
Въехал в маршрутку на Октябрьском,https://www.youtube.com/watch?v=2BhnVBqqmiQ
Чуть не сбил троих на пешеходном,https://www.youtube.com/watch?v=9pqcA8MJrhY
ДТП на ул. Кирова,https://www.youtube.com/watch?v=_VkqvFMDiW4
Разбил машину в лобовом,https://www.youtube.com/watch?v=IfDtcR604Hs
Лобовое на Ленина,https://www.youtube.com/watch?v=1x84sQK2As4
Взял радиус побольше!,https://www.youtube.com/watch?v=xp_D5hj5Nv8
ДТП под боком у сотрудников!,https://www.youtube.com/watch?v=qCdh62RceEE
Просто не пропустил!,https://www.youtube.com/watch?v=M1qC6bvdOWw
Сбил и сразу увез в больницу!,https://www.youtube.com/watch?v=GGQxWtM3FVc
И снова Ватутина!,https://www.youtube.com/watch?v=hMhCobYY5LA
Погоня на своих двоих!,https://www.youtube.com/watch?v=gpAnMSTOz_g
Как пешеход собрал 3 машины,https://www.youtube.com/watch?v=mvf_oAOeVU0
Поспешил на красный,https://www.youtube.com/watch?v=dFVKoGXSvOs
Ушли от столкновения...дважды!,https://www.youtube.com/watch?v=bc2BnK04r5k
Маршрутка и легковушка: кто первый,https://www.youtube.com/watch?v=gDVt0V7QkeY
Замешкался и попал в ДТП,https://www.youtube.com/watch?v=YrG6TcU62RM
Как я понимаю - пытался остановиться,https://www.youtube.com/watch?v=k_AYJo3tPIs
Ночное ДТП,https://www.youtube.com/watch?v=GCvBxZj466U
Ну допустим,https://www.youtube.com/watch?v=ZDmilYBZrxs
Сбили пешехода,https://www.youtube.com/watch?v=inTOPrREUds
серьезное ДТП на Октябрьском,https://www.youtube.com/watch?v=9k9OwdDKyXI
Рассыпал листы фанеры,https://www.youtube.com/watch?v=glKcwO2I0Iw
Сбили ребенка!,https://www.youtube.com/watch?v=q2lEAGVGmOk
Вы тоже это видите?,https://www.youtube.com/watch?v=GAJeNgNzxIw
Ночные вспышки в небе,https://www.youtube.com/watch?v=lzoE-sM3RVY
Ночная вспышка в Петрозаводске,https://www.youtube.com/watch?v=pshzLeKFy3Y
Жесткое столкновение,https://www.youtube.com/watch?v=y_qhFo2raVs
Еду только прямо!,https://www.youtube.com/watch?v=g-dkeyaG_WA
Еду как хочу!,https://www.youtube.com/watch?v=D7qSqnPO4Ns
Мелкое ДТП,https://www.youtube.com/watch?v=CaST96wLtXc
Сбил велосипедиста,https://www.youtube.com/watch?v=zZEE6YqzPwA
Вот так подрезал!,https://www.youtube.com/watch?v=Z3op5BC5aio
Убедись в безопасности маневра!,https://www.youtube.com/watch?v=hy631-Vu2go
Выпал из машины на ходу,https://www.youtube.com/watch?v=Ax_5HiW5NSo
Джип vs Ваз,https://www.youtube.com/watch?v=ju_Of4FVCxA
Не повезло с парковкой!,https://www.youtube.com/watch?v=NKdOrSKDqR0
Лобовое на Октябрьском,https://www.youtube.com/watch?v=Trb7E7hKrtc
Жесткий удар в маршрутку,https://www.youtube.com/watch?v=wYMfR5ZL8Sg
Спешка,https://www.youtube.com/watch?v=BFYyEmuqgIg
Велосипедист сбил пешехода,https://www.youtube.com/watch?v=x4oXPiFpZLQ
Выскочил и не успел,https://www.youtube.com/watch?v=IIMEPlPyODU
Пропусти пешехода называется,https://www.youtube.com/watch?v=alK3PkTVqGw
Типичный левый поворот,https://www.youtube.com/watch?v=p9MAlg0BiGs
"Семеро за одним, задержание!",https://www.youtube.com/watch?v=2zBpPB8iTLc
"Паровозик, а ехали вроде не быстро",https://www.youtube.com/watch?v=xlGUEYEhJRI
Семеро за одним!,https://www.youtube.com/watch?v=RV2ny8Q3p3I
Не поделили перекресток,https://www.youtube.com/watch?v=ysR3cQXCOsA
Вырулил из-за Пазика,https://www.youtube.com/watch?v=KE1tpWN__T4
Сбили пешехода на Варкауса,https://www.youtube.com/watch?v=M55pe2jPpeI
Не разошлись,https://www.youtube.com/watch?v=PLvoeK7wXG4
"Не, ну как так-то",https://www.youtube.com/watch?v=QUyxqajZ20k
Стукнул во дворе,https://www.youtube.com/watch?v=dAiocfpCBNI
Помяли во дворе,https://www.youtube.com/watch?v=mcn0Gu8_lNo
Что-то пошло не так!,https://www.youtube.com/watch?v=xDsT7QjI8N8
Выскочил из-за машины,https://www.youtube.com/watch?v=0XAsa6BQQms
"""Летящая"" Нива",https://www.youtube.com/watch?v=HIEdeckr3C4
Еще один сбитый пешеход,https://www.youtube.com/watch?v=Z-BoRTLoN9E
Сбили ребенка,https://www.youtube.com/watch?v=r-vjyvRAjwk
"Увидели, напали, получили!",https://www.youtube.com/watch?v=fyiEgEtWsyY
"""Подскользнулся"" на кольце",https://www.youtube.com/watch?v=7ax0V6FQ6Ac
Всё-таки решили столкнуться!,https://www.youtube.com/watch?v=oqBWkNRCwI4
Серьезное ДТП на Ленина,https://www.youtube.com/watch?v=LuUgoLH16OA
Пьяна кровушка - буйна головушка,https://www.youtube.com/watch?v=eSatvW6bqBA
Вылетел на красный и чуть не убил,https://www.youtube.com/watch?v=X2-GGuuxIO0
Поторопился на все деньги,https://www.youtube.com/watch?v=iiYR9bffHrM
Рядовое ДТП в Кондопоге,https://www.youtube.com/watch?v=4h87-2UiLxY
"Традиционно, левый поворот",https://www.youtube.com/watch?v=j5xxSMkHRp4
"Господи, ну как же так?",https://www.youtube.com/watch?v=E97_1lh8OVQ
Полет мерседеса,https://www.youtube.com/watch?v=PVe3IZ16lbg
Опять левый поворот?,https://www.youtube.com/watch?v=sny0IR4NzJw
Лобовое столкновение,https://www.youtube.com/watch?v=SKGgB54pn0k
Поворот в больницу,https://www.youtube.com/watch?v=3k37GzFrnbM
Чуть не убил,https://www.youtube.com/watch?v=dx1wT5kEooY
Зачем они так?,https://www.youtube.com/watch?v=BIxm2JQSLAM
"Пожар в троллейбусе (20 июля 2016, Петрозаводск)",https://www.youtube.com/watch?v=Pu0nApCToD4
Компания «Ситилинк» поздравила с Днём Республики,https://www.youtube.com/watch?v=yRE3Lnf-ZFk
Как подключить Интернет в Петрозаводске,https://www.youtube.com/watch?v=lHJK5k2q4lM
День Республики 2015 за минуту,https://www.youtube.com/watch?v=s_4eEFiZgMY
Опасный маневр автобуса!,https://www.youtube.com/watch?v=WB8fsuRaJ9M
Площадь Кирова: год за минуту,https://www.youtube.com/watch?v=lDRuPcv66jI
Позитив: как проходила «Битва Роботов-2015» в Петрозаводске?,https://www.youtube.com/watch?v=isuIOXNiqfM
Сбил пешеходов и скрылся!,https://www.youtube.com/watch?v=5-DZop9EI04
Ледоход в Петрозаводской губе Онежского озера,https://www.youtube.com/watch?v=otv-0FMuW4U
Зимний холод и одиночество в объективе вечерних камер.,https://www.youtube.com/watch?v=RpLh86eTo0E
Хорошо когда соседи друзья!,https://www.youtube.com/watch?v=sTqA_YmV5Q8
Рождественский фейерверк от петрозаводского троллейбуса,https://www.youtube.com/watch?v=C4tNLX184-s
ДТП на Чапаева-Пархоменко (Петрозаводск),https://www.youtube.com/watch?v=1NPvHTiLt5g
Кондопога. Дтп на перекрестке Октябрьский-Советов. 24.12 12:16,https://www.youtube.com/watch?v=kvPafEbym-U
Экономический кризис и Интернет,https://www.youtube.com/watch?v=jsgGK8Mmqek
"Кондопога на камерах видеонаблюдения от Компании ""Ситилинк""",https://www.youtube.com/watch?v=BQ42atEWU2U
Рождение Новогодне-Рождественской ели в Петрозаводске,https://www.youtube.com/watch?v=dSu2y_525tM
"Авария 11.12.14 Перекресток ул. Красная - Антикайнена. Видеонаблюдение от ""Ситилинка"".",https://www.youtube.com/watch?v=g49gN0azR4Y
"Дни Интернета в Карелии. Репортаж от ""Вести-Карелия"".",https://www.youtube.com/watch?v=ldin4Tog7J4
"Школа Современных Знаний от ""Ситилинка"". Репортаж СампоТВ.",https://www.youtube.com/watch?v=N1fI7al5hEc
"Конкурс детских рисунков ""Календарь 2015"". Репортаж СампоТВ.",https://www.youtube.com/watch?v=g_c7r6RDfM0
"Социальный проект ""Видеонаблюдение"" от ""Ситилинка"". Репортаж СампоТВ.",https://www.youtube.com/watch?v=5jFvkj6nkjQ
Дни Интернета в Карелии. Репортаж от Ника Плюс.,https://www.youtube.com/watch?v=MK9ELdxJyE8
Дни Интернета в Карелии. Репортаж СампоТВ.,https://www.youtube.com/watch?v=8XyigyAEdEk
Разрушение дома с камеры наблюдения,https://www.youtube.com/watch?v=0f3W3VOg91k
