title,url,status
ДТП в Костомукше,https://www.youtube.com/watch?v=ri0wwcjF0XA,1
Сбил женщину на пешеходном переходе,https://www.youtube.com/watch?v=9EBC30h8JqA,1
Автобус занесло,https://www.youtube.com/watch?v=SmXgGZfwnNA,1
Столкнулись при повороте,https://www.youtube.com/watch?v=HX7I_iOppZs,1
Торопыга,https://www.youtube.com/watch?v=qGkNQ8aFbBg,1
Не уступил дорогу,https://www.youtube.com/watch?v=DbI2wQhuwM4,1
Потеряшка,https://www.youtube.com/watch?v=qrbu02D2wQY,1
Занесло в сугроб,https://www.youtube.com/watch?v=T7MCxNxRgjg,1
"Мололец, выручил!",https://www.youtube.com/watch?v=bQ8rA5fsu7o,1
ДТП на перекрестке,https://www.youtube.com/watch?v=YDjSZeubi5U,1
Не вписались в поворот,https://www.youtube.com/watch?v=iIQTZTvJwdA,1
Pro Работу СИТИЛИНК,https://www.youtube.com/watch?v=e_nzbXl8q1E,0
Думал проскочить,https://www.youtube.com/watch?v=q-FGFZ0KK7c,1
Поспешил выехать,https://www.youtube.com/watch?v=Vfb_UfjePKk,1
Не надо так спешить,https://www.youtube.com/watch?v=iHuR9UBsVdc,1
Погоня с жестким столкновением,https://www.youtube.com/watch?v=1w_VbA4CJYM,1
Мог бы и пропустить,https://www.youtube.com/watch?v=wZqZ8LGx28o,1
К чему приводит невнимательность,https://www.youtube.com/watch?v=nVZYf32vzcA,1
Первый снегопад,https://www.youtube.com/watch?v=Gd-COoQ6YDI,1
Машины всмятку,https://www.youtube.com/watch?v=iPWdFEgPH8k,1
Столкнулись на пустом перекрестке,https://www.youtube.com/watch?v=KJtlEzlUX9U,1
Попытка протиснуться,https://www.youtube.com/watch?v=L1a5Yk4kWcY,1
Решил пропустить,https://www.youtube.com/watch?v=je20xR5yau8,1
Провокатор скрылся,https://www.youtube.com/watch?v=gi8hQk7VtzM,1
Это что за маневр?,https://www.youtube.com/watch?v=6ewVrTDFFpA,1
Развернуло в обратную сторону,https://www.youtube.com/watch?v=-7yBoTrq7VY,1
Сам себя наказал!,https://www.youtube.com/watch?v=JFno93F23RM,1
Растерялся?,https://www.youtube.com/watch?v=QY_B9oM1LaA,1
Прямо в столб,https://www.youtube.com/watch?v=8UNGs-lFadw,1
Подрезал мотоциклиста,https://www.youtube.com/watch?v=N64v2YfHQOo,1
Ехал бы уже дальше,https://www.youtube.com/watch?v=H4ypVB10kKQ,1
ДТП на перекрестке в Кондопоге,https://www.youtube.com/watch?v=VT0OIiC86FE,1
Оборвал провода и поехал дальше,https://www.youtube.com/watch?v=wuWr8n37gqs,1
ДТП на перекрестке,https://www.youtube.com/watch?v=JhYkqEtQJvk,1
Летит на красный,https://www.youtube.com/watch?v=RTy3EcsgXww,1
Не ленитесь дойти до пешеходного перехода,https://www.youtube.com/watch?v=4khefhmdDzI,1
Соблюдай дистанцию,https://www.youtube.com/watch?v=9KE6fJa--CE,1
Спровоцировал аварию,https://www.youtube.com/watch?v=-AxW7pHQVfI,1
Успею проскочить,https://www.youtube.com/watch?v=IZZBnhIKzbQ,1
Своими силами уже не потушить,https://www.youtube.com/watch?v=VIF_yD3nx_8,0
Неожиданный поворот,https://www.youtube.com/watch?v=cV_IyiZGBAY,1
Поторопился с парковкой,https://www.youtube.com/watch?v=mfbnYbnqofY,1
Поздно пятиться,https://www.youtube.com/watch?v=y_E-rEbcj3Q,1
Смена сигналов сфетофора?,https://www.youtube.com/watch?v=n6_3Pl8R5NY,1
Сбил велосипедиста,https://www.youtube.com/watch?v=tFehj6Yx3yw,1
Нападение собаки,https://www.youtube.com/watch?v=BHXJPyHe6-o,0
Пошли разбирать ситуацию,https://www.youtube.com/watch?v=mRUVtGADIkQ,1
Лоб в лоб,https://www.youtube.com/watch?v=viNwM7ZIGSk,1
Как же так можно ездить?,https://www.youtube.com/watch?v=ueVcjpVZvx4,1
Вандалы в подземке,https://www.youtube.com/watch?v=bkNdx0enYR4,0
Выкрутасы,https://www.youtube.com/watch?v=EFkUfx0ycao,0
Пешеход погиб,https://www.youtube.com/watch?v=u4oXeoJypRI,1
Пешеход легко отделался,https://www.youtube.com/watch?v=cfaamSgMHKo,1
Публичный Wi Fi  Додо пицца,https://www.youtube.com/watch?v=6mdUMJ8j6PE,0
Затянуло под колесо,https://www.youtube.com/watch?v=AGlkD1ekN9w,1
Не поделили дорогу,https://www.youtube.com/watch?v=X0ZedCQZaRo,1
ДТП на перекрестке,https://www.youtube.com/watch?v=8d8mnJtSFhU,1
В погоне за кабанчиками,https://www.youtube.com/watch?v=5JhBjnSIt58,0
Жесткое падение,https://www.youtube.com/watch?v=G0DLtJviOrk,1
ДТП на перекрестке,https://www.youtube.com/watch?v=vuv2_SIK-v8,1
Жесткое столкновение с пожарной машиной,https://www.youtube.com/watch?v=bsD5AJDOUlI,1
Отлично перестроился,https://www.youtube.com/watch?v=8WBhFumtvtU,1
Почему именно сейчас?,https://www.youtube.com/watch?v=xWRZi_oLl-I,1
Велосипедист налетел на пешехода,https://www.youtube.com/watch?v=ezaz4JykruI,0
Нежданчик,https://www.youtube.com/watch?v=2rp1XW7CFuU,1
Торопыга,https://www.youtube.com/watch?v=gweVJvWwzCc,1
Внимание! Велосезон открыт.,https://www.youtube.com/watch?v=lJ_8fYd_2Lo,1
Спровоцировал аварию,https://www.youtube.com/watch?v=O9n4Jfj-dZY,1
Покатались!,https://www.youtube.com/watch?v=j9Qu8NjBO0M,1
Ничего не предвещало,https://www.youtube.com/watch?v=24ntoscdAvs,1
Слепая зона?,https://www.youtube.com/watch?v=JJwTQariof8,1
Быстренько проскочить не удалось,https://www.youtube.com/watch?v=WiojVLEX_rM,1
Избегал столкновения с встречным авто,https://www.youtube.com/watch?v=vdZh_vtatzk,1
Жесткое столкновение,https://www.youtube.com/watch?v=wIYi37N2c5Y,1
Дороги в Петрозаводске,https://www.youtube.com/watch?v=5UOJu7EGYd0,0
Наезд на пешехода,https://www.youtube.com/watch?v=EfJ5SYyLajg,1
Дорожный конфликт,https://www.youtube.com/watch?v=nQ4sk6y3dxk,1
Провокатор,https://www.youtube.com/watch?v=b8ngF9vVbjg,0
Отскочили в последний момент,https://www.youtube.com/watch?v=H5aKtrkEznI,0
Сбил человека,https://www.youtube.com/watch?v=3KGrRluvKrI,1
Улетный маневр,https://www.youtube.com/watch?v=F0vlEpgIPKo,1
Сбил ребенка на пешеходном переходе,https://www.youtube.com/watch?v=DSeZQjzPJd8,1
Попытка проскочить на красный,https://www.youtube.com/watch?v=PWGk6ezqfK0,1
Натворил дел,https://www.youtube.com/watch?v=oArex3rWs_c,1
Автобус сбил пешехода,https://www.youtube.com/watch?v=A9PmALqXmK8,1
Выкинуло на встречную полосу,https://www.youtube.com/watch?v=2PX34VfNIjI,1
Не все успели отбежать,https://www.youtube.com/watch?v=wthiXBEOb70,1
Куча-мала,https://www.youtube.com/watch?v=G0BFY0-CnBI,1
Перевертыш,https://www.youtube.com/watch?v=9Vx0eHJtjc0,1
Плохая видимость,https://www.youtube.com/watch?v=n-wKUOtOm84,1
Не рассчитал траекторию,https://www.youtube.com/watch?v=m_du1vpdThI,1
Перекрыли проезд,https://www.youtube.com/watch?v=vsGu9T1RDTU,1
Влетел в столб,https://www.youtube.com/watch?v=7iT_aDIh7HE,1
Лопнуло колесо у трактора,https://www.youtube.com/watch?v=BkzBGfmh4S8,0
Не пропустил,https://www.youtube.com/watch?v=7cSNidRRKuk,1
Теперь постоим вдвоем,https://www.youtube.com/watch?v=isabRq7nt0U,1
Экскаватор сбил пешехода,https://www.youtube.com/watch?v=JAkTan4H6fo,1
Не пропустил автобус,https://www.youtube.com/watch?v=MmpBMhtVoqU,1
Резко затормозил,https://www.youtube.com/watch?v=p4i2l7U7k3Q,1
Уходил от столкновения,https://www.youtube.com/watch?v=Am5EFjddGn8,1
Берегись!,https://www.youtube.com/watch?v=1wBD8sSMA_Q,1
Не успел проскочить,https://www.youtube.com/watch?v=x4MUeCKEPcQ,1
Спровоцировал ДТП и скрылся,https://www.youtube.com/watch?v=YxFxNol5WVs,1
Скрылся с места ДТП,https://www.youtube.com/watch?v=BMJY3LfDWik,1
Лобовое столкновение,https://www.youtube.com/watch?v=r0COmQDqhcw,1
Далеко выехал,https://www.youtube.com/watch?v=TKVyv1JEdLc,1
Страшная трагедия в Костомукше,https://www.youtube.com/watch?v=3mypPdMsOTo,1
Заварил кашу,https://www.youtube.com/watch?v=aXdw620k9x4,1
Бегом под колеса,https://www.youtube.com/watch?v=NppaWtMQPEs,1
Со второй попытки,https://www.youtube.com/watch?v=TOoqnAX3RRk,1
А теперь едем в обратную сторону,https://www.youtube.com/watch?v=C50Db0eivzs,1
ДТП при повороте,https://www.youtube.com/watch?v=qMuwIUKo43k,1
Вдребезги,https://www.youtube.com/watch?v=sN9FWapq2n0,1
А кто то ждет Скорую,https://www.youtube.com/watch?v=z1vxMT_xERE,1
Столновения избежать не удалось,https://www.youtube.com/watch?v=qcmxQtNhCfM,1
Сбит пешеход,https://www.youtube.com/watch?v=TKZeRYxA4rg,1
Попытка проскочить на красный,https://www.youtube.com/watch?v=0fUfmsaLOdA,1
Ребенок выскочил под колеса,https://www.youtube.com/watch?v=45tuem9kvOo,1
Приехали,https://www.youtube.com/watch?v=Xznae8mYVZQ,1
Столкнулись на пустом перекрестке,https://www.youtube.com/watch?v=pr3vO0aj_Rs,1
Сбили пешехода,https://www.youtube.com/watch?v=dxjGPCY1-94,1
Поворот не глядя,https://www.youtube.com/watch?v=dIWntLk_SNc,1
Потерпевший убежал,https://www.youtube.com/watch?v=touZhKY4JmU,1
ДТП на перекрестке,https://www.youtube.com/watch?v=ehS1nUDpzgg,1
Больно смотреть,https://www.youtube.com/watch?v=iQ6oHz75IU4,1
ДТП при обгоне,https://www.youtube.com/watch?v=ge3Cpxd93o4,1
ДТП на перекрестке,https://www.youtube.com/watch?v=i720SHN8LuA,1
Влетел в пожарную машину,https://www.youtube.com/watch?v=bTQY-5guyCQ,1
Куда вообще смотрел?,https://www.youtube.com/watch?v=hDsXx2rbJR0,1
От полученных травм пешеходы скончались на месте,https://www.youtube.com/watch?v=q-peHy7Pl_A,1
Осенний мотопробег,https://www.youtube.com/watch?v=7leL0YtBJ6s,1
Развернуло на 360,https://www.youtube.com/watch?v=lcQRSfNvQkw,1
Сбил девушку на переходе,https://www.youtube.com/watch?v=sTjJzoxVZN8,1
Засмотрелся,https://www.youtube.com/watch?v=YNzEKx7AFxE,1
Что ж так медленно,https://www.youtube.com/watch?v=_dY75jhAHp4,1
Как ни в чём не бывало,https://www.youtube.com/watch?v=bCnZ_FVh0pk,1
Двое пострадавших,https://www.youtube.com/watch?v=8IPD5Q0OfRU,1
Вот это развернуло!,https://www.youtube.com/watch?v=nECDoCi-BEc,1
Не смогли разъехаться,https://www.youtube.com/watch?v=a3lh0-e0w24,1
Пожар на Перевалке,https://www.youtube.com/watch?v=c2BMoLECc4M,0
Курьезный случай,https://www.youtube.com/watch?v=IZonTVu8lLc,1
Печальный исход,https://www.youtube.com/watch?v=sZdeWwBv-7Q,1
На этот раз обошлось,https://www.youtube.com/watch?v=1DKGk_EpiNU,0
Летит на красный,https://www.youtube.com/watch?v=DtwTn_1aAzo,1
Нестандартная ситуация,https://www.youtube.com/watch?v=ZPf7OsDdHH0,1
Избегая аварии,https://www.youtube.com/watch?v=fgN_iB6LNCo,1
Третьему повезло,https://www.youtube.com/watch?v=YTXfR-2LBjg,1
"Не надо ждать, давайте по встречке",https://www.youtube.com/watch?v=8j1HqPHvsxU,1
Бегом под колеса,https://www.youtube.com/watch?v=ua5ydfWMKlQ,1
Грубо подвинул,https://www.youtube.com/watch?v=qHo2uAXex1Y,1
Убедитесь в безопасности маневра,https://www.youtube.com/watch?v=KBD5fRbvWbU,1
Любишь кататься — люби и саночки возить,https://www.youtube.com/watch?v=5kDErST8v4s,0
Да как так-то?,https://www.youtube.com/watch?v=-tme287M49g,1
Передумал поворачивать,https://www.youtube.com/watch?v=hzVpjDEjPkc,1
Куда летел?,https://www.youtube.com/watch?v=VMUcd_Ctydo,1
Жалко собаку,https://www.youtube.com/watch?v=b_8pVUZ-TJg,0
Не спеши,https://www.youtube.com/watch?v=HnN7CvKKNyU,1
Немного промахнулся,https://www.youtube.com/watch?v=rxKDrFQ07DY,1
Странный маневр,https://www.youtube.com/watch?v=tvm4GXM0_lI,1
Снес светофор,https://www.youtube.com/watch?v=wGpLlEkD-zs,1
Выбежал под колеса,https://www.youtube.com/watch?v=s-9I4jjo9a4,1
Велосипедист наехал на автомобиль,https://www.youtube.com/watch?v=7_t3dSJp8_o,1
Подрезал,https://www.youtube.com/watch?v=DWwOVoGpCy4,1
Негабаритный груз,https://www.youtube.com/watch?v=5wjQbIeUN7k,1
Бампер вдребезги,https://www.youtube.com/watch?v=JohW6AyyU7I,1
Торопыга,https://www.youtube.com/watch?v=KURP0-4Kvdc,1
Чуть не врезались,https://www.youtube.com/watch?v=nr-MUb7Pw4I,1
Скрылся с места ДТП,https://www.youtube.com/watch?v=_St4Tg93h0s,1
Столкнулись на пустом перекрестке,https://www.youtube.com/watch?v=PfCjUDbAE9g,1
Перевернулся набок от столкновения,https://www.youtube.com/watch?v=muA3SAsikog,1
"Стоял, никого не трогал",https://www.youtube.com/watch?v=LlPHyOWgIJA,1
ДТП на перекрестке,https://www.youtube.com/watch?v=8ZL4B4bVB9I,1
Тройное ДТП,https://www.youtube.com/watch?v=xKa55k5P-24,1
Сбили пешехода,https://www.youtube.com/watch?v=ZZAeUJe9leQ,1
Страшное падение,https://www.youtube.com/watch?v=d5c8nJyBEjI,1
Горим!,https://www.youtube.com/watch?v=gwr4ffTTa3E,0
Чирк,https://www.youtube.com/watch?v=wlujuY43lPM,0
Пострадали водитель и пассажир мотоцикла,https://www.youtube.com/watch?v=eX_85FQgtgY,1
Не вписался в поворот,https://www.youtube.com/watch?v=KDQBFpEkjM4,1
Интересная траектория,https://www.youtube.com/watch?v=ka6Wl1v6_YM,1
Кошмар автомобилиста,https://www.youtube.com/watch?v=hwqVDziShok,1
Выезд на главную,https://www.youtube.com/watch?v=T4VOQFbVS-o,1
Пешеход госпитализирован,https://www.youtube.com/watch?v=TfF9SzzDNA8,1
Отвалилось колесо,https://www.youtube.com/watch?v=g7jDxZGc_sY,0
Перегородили дорогу,https://www.youtube.com/watch?v=Wa0RXZ-MgEI,0
Сбежал с места ДТП,https://www.youtube.com/watch?v=9nAobLlbTt4,1
Обошлось без жертв,https://www.youtube.com/watch?v=oYVqhvf_pe0,1
Таран,https://www.youtube.com/watch?v=NQ7wM5Fh61o,1
Разборка на проезжей части,https://www.youtube.com/watch?v=TYe11K5u0H0,1
Слона-то я и не приметил,https://www.youtube.com/watch?v=fmWzzg7NJIw,1
Выезд на встречку,https://www.youtube.com/watch?v=yifJGwochuU,1
Как же так?,https://www.youtube.com/watch?v=tadr-1CM9Pk,1
Не успел,https://www.youtube.com/watch?v=R0PJbSXcnDQ,1
Виновник очевиден,https://www.youtube.com/watch?v=d3yq4HaxlPU,1
Утрамбовал,https://www.youtube.com/watch?v=CZE9-A2tn5A,1
Смотрел в другую сторону,https://www.youtube.com/watch?v=2QbygNU-9L0,1
Как так то?,https://www.youtube.com/watch?v=sF7zjA3U6CA,1
Обгон по встречке,https://www.youtube.com/watch?v=5BdZ6aVqoyk,1
Взрыв автомобиля,https://www.youtube.com/watch?v=JH-KnztcDTY,1
Поздно пятиться,https://www.youtube.com/watch?v=auLSj5z5Dp4,1
Куда же повернуть?,https://www.youtube.com/watch?v=j-TeZ7QsfxA,1
Поцарапал,https://www.youtube.com/watch?v=y0QRAfdqlo8,1
"Гражданин, пройдемте!",https://www.youtube.com/watch?v=NHYZavAcQYw,0
Вылетел с проезжей части,https://www.youtube.com/watch?v=cBBWZCWXYec,1
Опять метеорит?,https://www.youtube.com/watch?v=KPv7iXOB6f8,1
Сам себя наказал,https://www.youtube.com/watch?v=XyoxMoLtjPg,1
Столкнулись на пустой дороге,https://www.youtube.com/watch?v=Vwa1jbw2_iE,1
Держи дистанцию,https://www.youtube.com/watch?v=fvuRHQVCtSI,1
Главный на кольце,https://www.youtube.com/watch?v=owAVWUVWVQI,1
Собака выскочила прямо под колеса,https://www.youtube.com/watch?v=6DdOzJGUqYI,0
Срезал путь,https://www.youtube.com/watch?v=QsFHebrEH8E,1
Тройное ДТП,https://www.youtube.com/watch?v=eRgcFTCWFrE,1
ДТП при повороте,https://www.youtube.com/watch?v=ejSTG6lV_EA,1
Поплатился фарой,https://www.youtube.com/watch?v=V1zfu83n3Cc,1
Объехать не получилось,https://www.youtube.com/watch?v=4f7IcbwFV1Y,1
ДТП в момент смены сигналов светофора,https://www.youtube.com/watch?v=mVZSOD9vJh4,1
Влетел в пожарный автомобиль,https://www.youtube.com/watch?v=lFQaxhMEnU4,1
Внезапно решил повернуть,https://www.youtube.com/watch?v=bK3Eu2mDfhY,1
Куда смотрел водитель,https://www.youtube.com/watch?v=f2x9nOMduXY,1
Снес ограждение.,https://www.youtube.com/watch?v=Khex3e-bqSs,1
ДТП.Страшные последствия уличных гонок.,https://www.youtube.com/watch?v=1rnUNkzE-uM,1
Погуляли с собачкой,https://www.youtube.com/watch?v=GAYTpiQfz-A,0
Сбили ребенка,https://www.youtube.com/watch?v=R74XRlVup6o,1
Дотолкаем,https://www.youtube.com/watch?v=CS5M0nWrSHE,0
Зазевался,https://www.youtube.com/watch?v=2o3KUeLfaZU,1
Браво!,https://www.youtube.com/watch?v=U9bZE4rSAuA,0
Виновато дерево,https://www.youtube.com/watch?v=l8A9hmBtxV8,1
Карма,https://www.youtube.com/watch?v=E0HSqmwmqP0,1
Лоб в лоб,https://www.youtube.com/watch?v=4j8fpOfPkM8,1
Отделался легким испугом,https://www.youtube.com/watch?v=SG3EGCTLeIA,1
Зачем так спешить,https://www.youtube.com/watch?v=eN1QigvxTps,1
Главное поворотник включить,https://www.youtube.com/watch?v=mTlYdBdO7Ho,1
Торопыга,https://www.youtube.com/watch?v=hwMZWRmPrO8,1
Психанул,https://www.youtube.com/watch?v=G1AYLl6Thbc,1
ДТП на перекрестке,https://www.youtube.com/watch?v=XlPhELeQnFg,1
Отрываясь от земли,https://www.youtube.com/watch?v=vWiJ8rPDvjI,1
Вторжение,https://www.youtube.com/watch?v=uNLnaQteVxc,0
"Скрылся, разбив две машины",https://www.youtube.com/watch?v=LfLlOtWMaPQ,1
Да будет пробка,https://www.youtube.com/watch?v=YED_cpYziVM,1
Рано выскочил,https://www.youtube.com/watch?v=xzyMTzSNdzU,1
"Зацепил, но уехал",https://www.youtube.com/watch?v=yUfA8EH-j3w,1
Уходил от столковения,https://www.youtube.com/watch?v=RFU-qJvH8E0,1
Идет на таран,https://www.youtube.com/watch?v=dc3qTVXA_P0,1
Вынесло на встречку,https://www.youtube.com/watch?v=VoFlF4W_iQE,1
Как-то так,https://www.youtube.com/watch?v=h0SZnFy88BI,1
ДПС тут как тут,https://www.youtube.com/watch?v=8Tas2jLCKCM,1
Зацепер,https://www.youtube.com/watch?v=nJcYy63Sm-k,0
Парное катание,https://www.youtube.com/watch?v=sH0oJRcT0tI,1
ДТП на перекрестке,https://www.youtube.com/watch?v=Mxnkr2vAOl4,1
Горе-дрифтеры,https://www.youtube.com/watch?v=P4BwiFzpC-I,1
Бампер вдребезги,https://www.youtube.com/watch?v=AsO38l8UiEA,1
Пассажир вылетел из автомобиля,https://www.youtube.com/watch?v=JLldu-wvfE0,1
Медвежья услуга,https://www.youtube.com/watch?v=TBW5t2vaK9s,1
Занесло на повороте,https://www.youtube.com/watch?v=hDU9xwKziws,1
Избежать столкновения не удалось,https://www.youtube.com/watch?v=3xG2HDOjfg4,1
Вылетел уже на красный,https://www.youtube.com/watch?v=yt9Plfmg46A,1
Третий успел отскочить,https://www.youtube.com/watch?v=MiP4It1cREM,1
Вынесло на встречку,https://www.youtube.com/watch?v=o2eB18Rlxks,1
Не уступил дорогу,https://www.youtube.com/watch?v=PBuT9cIz7Bo,1
"Вылезай, приехали",https://www.youtube.com/watch?v=yiuuBcMgQak,1
Переходил на запрещающий сигнал светофора,https://www.youtube.com/watch?v=Yjj8IOi4ZhM,1
Ворота рухнули на детей,https://www.youtube.com/watch?v=f7xR2_dX8VE,0
Пострадали два пешехода,https://www.youtube.com/watch?v=jb79GHPhN5M,1
Больше не торопится,https://www.youtube.com/watch?v=kZaj0HgkrLU,1
Никого не задавил?,https://www.youtube.com/watch?v=Nj2hgCI4zbQ,1
Не разъехались,https://www.youtube.com/watch?v=PAAN3fiHKOk,1
Слепая зона?,https://www.youtube.com/watch?v=-Xh8PPX786E,1
Лучше бы немного подождал,https://www.youtube.com/watch?v=zH7XjnNYP3E,1
Развернусь сейчас,https://www.youtube.com/watch?v=KUEnXZy2Gx0,1
Спровоцировал наезд на  пешехода,https://www.youtube.com/watch?v=B4J9bwzzUd4,1
ДТП на перекрестке,https://www.youtube.com/watch?v=iVz2yj1KRMU,1
Желающих подвезти не нашлось,https://www.youtube.com/watch?v=9usLDcb-RBk,1
Рано выскочил,https://www.youtube.com/watch?v=ezsbjJ2UNQ8,1
ДТП на перекрестке,https://www.youtube.com/watch?v=pSbZd6_YHc4,1
Изменил направление,https://www.youtube.com/watch?v=kvcxLBqilos,1
Не рассчитал траекторию,https://www.youtube.com/watch?v=VkoZTNJEuNc,1
Скрылся с места ДТП со смертельным исходом,https://www.youtube.com/watch?v=ZthlYHZf-hs,1
Не догонишь,https://www.youtube.com/watch?v=jhO6U_mPdkM,1
Двойной удар,https://www.youtube.com/watch?v=fkAl_1AJCkY,1
"Не трамвай, объедет!",https://www.youtube.com/watch?v=jHKhgda3LUc,1
ДТП с возгоранием,https://www.youtube.com/watch?v=jJFASZnDfhE,1
ДТП при развороте,https://www.youtube.com/watch?v=m994Eq-Z91U,1
Пострадал пешеход,https://www.youtube.com/watch?v=EkF825Zy9sA,1
Не проедешь,https://www.youtube.com/watch?v=wR5KRfxtRYc,1
Поворот под стрелку,https://www.youtube.com/watch?v=JPiY93pKrxo,1
Неожиданный удар,https://www.youtube.com/watch?v=Yc-vmRJ3ghU,1
Не уступил дорогу,https://www.youtube.com/watch?v=Nbx10zd5060,1
Повезло,https://www.youtube.com/watch?v=TG4jPT07wKk,1
"Уважаемые пассажиры, держитесь за поручни!",https://www.youtube.com/watch?v=XENo0Rl068s,1
Обошлось,https://www.youtube.com/watch?v=CNheenuzETM,1
Вдребезги,https://www.youtube.com/watch?v=WUbDPzhvUfE,1
Почему стоим?,https://www.youtube.com/watch?v=hjEFOjW3_M8,1
Занесло,https://www.youtube.com/watch?v=9NkPYChoRGI,1
Тройное ДТП,https://www.youtube.com/watch?v=vkcenrmJFjs,1
Сбили пешехода,https://www.youtube.com/watch?v=eUXvAhK1HyU,1
Отъедем в сторонку,https://www.youtube.com/watch?v=l62oz-p1jW0,1
Неудачный маневр,https://www.youtube.com/watch?v=PfLc0B4FsG0,1
Сбил пешехода,https://www.youtube.com/watch?v=pH1OaqZ-V1k,1
Сбили на  пешеходном переходе,https://www.youtube.com/watch?v=lsXKH7T6xhM,1
А посмотреть по сторонам?,https://www.youtube.com/watch?v=VQAlB-U-H74,1
Дтп на перекрестке,https://www.youtube.com/watch?v=e_DfLLFA_k4,1
Не глядя перестроился,https://www.youtube.com/watch?v=fHo5Xn_Kb5M,1
Неуправляемый микроавтобус,https://www.youtube.com/watch?v=u68yKKscJng,1
Дрифтер сбил пешехода,https://www.youtube.com/watch?v=da7bJU3EEsU,1
ДТП на перекрестке,https://www.youtube.com/watch?v=aCOlH6S6W-U,1
Потерял пассажира,https://www.youtube.com/watch?v=5hx6C0mJjUU,1
Жесткое ДТП,https://www.youtube.com/watch?v=qGl8KF8VDfw,1
Прямо под колеса,https://www.youtube.com/watch?v=SpJB8U63Yvo,1
Не смогли разъехаться,https://www.youtube.com/watch?v=aUaRdDu1Vuc,1
Тройное ДТП,https://www.youtube.com/watch?v=H2RPw9fkhN8,1
Пробежка закончилась в больнице,https://www.youtube.com/watch?v=0z7NjJ8Rlf0,1
По ступенькам не едет,https://www.youtube.com/watch?v=LqL8fd-vZ9g,1
Не пропустил,https://www.youtube.com/watch?v=p1QaPR7hXv8,1
Торопыга,https://www.youtube.com/watch?v=zSFO45tg8nI,1
ДТП при повороте,https://www.youtube.com/watch?v=enJQ5eR3fNU,1
ДТП на кольце,https://www.youtube.com/watch?v=u29HK-rwyfg,1
Стартуем вместе,https://www.youtube.com/watch?v=n5S3JUo1U3E,1
ДТП на пустом перекрестке,https://www.youtube.com/watch?v=DYX5OPJQ_ig,1
Вовремя остановился,https://www.youtube.com/watch?v=uUWyElsFHCU,1
Пробраться не получилось,https://www.youtube.com/watch?v=ZZy5_IBIPSs,1
Скрылся во  дворах,https://www.youtube.com/watch?v=Jg90YyiRWi8,1
Сложно выезжать,https://www.youtube.com/watch?v=ZYVnEjb0h2Y,1
Поздно пятиться,https://www.youtube.com/watch?v=wilU19tXl5o,1
Занесло,https://www.youtube.com/watch?v=IIvHvsqNnjk,1
Определяется с направлением,https://www.youtube.com/watch?v=s7L6jr_IrHY,1
На этот раз обошлось,https://www.youtube.com/watch?v=fJpQPAJIwUA,0
Врезался в автобус,https://www.youtube.com/watch?v=YxzIhGKeM4I,1
Дистанция,https://www.youtube.com/watch?v=_Guc5h7m6-o,1
Рисунок на снегу,https://www.youtube.com/watch?v=P7lDV8-kQzI,0
В Петрозаводске новый эвакуатор,https://www.youtube.com/watch?v=wsdlVl0Qjvg,0
Далеко выехал,https://www.youtube.com/watch?v=zQkMA2S1-2s,1
Занесло,https://www.youtube.com/watch?v=CAuRnQ3qWN0,1
Скатился с горки,https://www.youtube.com/watch?v=Y6mN2sU4-gk,1
Сбили пешехода,https://www.youtube.com/watch?v=7nc-xdAkEoE,1
Совсем запутался,https://www.youtube.com/watch?v=lyVGBhAFKbk,1
Переходил на красный сигнал светофора,https://www.youtube.com/watch?v=QtqZm8qKSbc,1
Убежал с места ДТП,https://www.youtube.com/watch?v=MLJlDxxT0b8,1
Неосмотрительный выезд,https://www.youtube.com/watch?v=Qp8EagM9EJk,1
Разворачивайся,https://www.youtube.com/watch?v=T349_sX2cgk,1
Помеха слева,https://www.youtube.com/watch?v=sFVoejKN33Q,1
Лезет под фуру,https://www.youtube.com/watch?v=uR7Y5WVinXE,1
Сбили пешехода,https://www.youtube.com/watch?v=u520esVXILU,1
Уже горит красный,https://www.youtube.com/watch?v=l4U1NNG0xLs,1
Слегка задел,https://www.youtube.com/watch?v=afrV7GOUXsU,1
Искатель приключений,https://www.youtube.com/watch?v=K6uZykIQKM8,1
Да я же пошутил,https://www.youtube.com/watch?v=WHHvKLjQBuY,0
Зазевался,https://www.youtube.com/watch?v=uA6z4JvcoZ0,1
Выздоравливай скорее!,https://www.youtube.com/watch?v=wZ1eY686NAc,1
Сбил на переходе,https://www.youtube.com/watch?v=S-xqiJ7Qyt4,1
Извиняется?,https://www.youtube.com/watch?v=lccH1J3suKw,1
Повторите с детьми ПДД!,https://www.youtube.com/watch?v=-jQhY4gRyM0,1
Куда рванул?,https://www.youtube.com/watch?v=SgTIoeZKZeU,1
Самое время проскочить,https://www.youtube.com/watch?v=W5ur5wqbEl0,1
Посмотрел на дальний светофор,https://www.youtube.com/watch?v=S7wMp8Bs1YE,1
"Все, приехали",https://www.youtube.com/watch?v=FLEJwiyH7Wo,1
Скрылся с места ДТП,https://www.youtube.com/watch?v=DeZUZWwgU7c,1
Утреннее шоу,https://www.youtube.com/watch?v=AbyiqXunkho,1
Претензий не имею,https://www.youtube.com/watch?v=Ba4wNnBrTnk,1
"Спасибо, что пропустил",https://www.youtube.com/watch?v=Nw34hqDBRPk,1
"Подвиньтесь, я спешу!",https://www.youtube.com/watch?v=4tfWyTN3utw,1
С добрым утром!,https://www.youtube.com/watch?v=c22HIkd0FEA,1
Поздно оглядываться,https://www.youtube.com/watch?v=a3Fh71PlbJo,1
Подрезал на кольце,https://www.youtube.com/watch?v=da-UAUawjhI,1
Срезал поворот,https://www.youtube.com/watch?v=epLb4KAz8Q8,1
Выезд на встречку,https://www.youtube.com/watch?v=Jm_O6U1s288,1
Проскочить не получилось,https://www.youtube.com/watch?v=TCvh5lhGkrY,1
Можно и так конечно,https://www.youtube.com/watch?v=1MOoCJcP6q4,1
Как будто так и было,https://www.youtube.com/watch?v=XIOX-Qos0LI,1
Отключили светофоры,https://www.youtube.com/watch?v=YwEiPsx0TM8,1
Сбил ребенка,https://www.youtube.com/watch?v=adV-vaIU1jY,1
Страшно смотреть,https://www.youtube.com/watch?v=vGddR9_1rTU,1
Сбил двоих,https://www.youtube.com/watch?v=hFAaSLOI6W0,1
Все ходы записаны,https://www.youtube.com/watch?v=Udo0r_19aGE,1
"Не спеши, а то успеешь.",https://www.youtube.com/watch?v=FH02dHZmSW0,1
"А что, так можно было?",https://www.youtube.com/watch?v=ZvV4PC_XiSk,1
Точка пересечения,https://www.youtube.com/watch?v=rl41Nj0Xx1E,1
Сила удара,https://www.youtube.com/watch?v=qfSKbmIyqGk,1
Приехали,https://www.youtube.com/watch?v=fdKM0jyQZcM,1
Награда нашла героя,https://www.youtube.com/watch?v=E-8aTTxzQWY,1
Зацепил мотоциклиста,https://www.youtube.com/watch?v=9xJ1fAecMLY,1
"Извините, не заметила",https://www.youtube.com/watch?v=QmjDvbOfnJA,1
Едем дальше,https://www.youtube.com/watch?v=ZZjlpy8S0Hc,1
Не поздно развернуться,https://www.youtube.com/watch?v=saoIhj3OiXI,1
ДТП с искоркой,https://www.youtube.com/watch?v=Q7eEpIpz-Us,1
"Поеду, вроде не задел",https://www.youtube.com/watch?v=pu05TIMD-qo,1
Не та передача,https://www.youtube.com/watch?v=NcVdkig5Pi0,1
Притормозил уже на газоне,https://www.youtube.com/watch?v=F24zoUzLVX4,1
Как же так?,https://www.youtube.com/watch?v=L3NjQaxED14,1
"Нет слов, одни эмоции",https://www.youtube.com/watch?v=gbq2kuwyE1c,1
Как нога?,https://www.youtube.com/watch?v=wFjvorkNDkA,1
Разлетелись в разные стороны,https://www.youtube.com/watch?v=SEOPvjdwAQ0,1
Могло быть хуже,https://www.youtube.com/watch?v=UfTAleM6idM,1
"Отъедем, поговорим",https://www.youtube.com/watch?v=MrEz3skROZE,1
Накатило,https://www.youtube.com/watch?v=-YeUETvRB_I,1
В упор не видит,https://www.youtube.com/watch?v=AOn8m_xg-UA,1
Искренне сочувствуем,https://www.youtube.com/watch?v=gbZKPwv9Om8,1
Скоростной режим,https://www.youtube.com/watch?v=zxi5latwdm0,1
Отличный прыжок,https://www.youtube.com/watch?v=JzUsJjM91PQ,0
Напоминаем о правилах,https://www.youtube.com/watch?v=q-GEaKvLxnk,1
Взлет разрешен,https://www.youtube.com/watch?v=nemZo7ABhEw,1
Заблудился?,https://www.youtube.com/watch?v=gKQYwW0ompc,1
В нужном месте в нужный час,https://www.youtube.com/watch?v=sh2IfTWZyKc,1
Сюрприз за автобусом,https://www.youtube.com/watch?v=59SH2heL88A,1
Не получилось проскочить,https://www.youtube.com/watch?v=lHQjJFntiYI,1
Хотел уже было проскочить,https://www.youtube.com/watch?v=5C6XM3cNuXE,1
"Разрешите, я вас подниму",https://www.youtube.com/watch?v=tWC5sY7rOfM,1
Еду—куда глаза глядят,https://www.youtube.com/watch?v=IV_lwmGxFm0,1
Обошлось без жертв,https://www.youtube.com/watch?v=8qTYKLeRbsU,1
Третий не успел,https://www.youtube.com/watch?v=womkZTGHock,1
Прямо или налево?,https://www.youtube.com/watch?v=q2sT2zJ_kuQ,1
Тормози!,https://www.youtube.com/watch?v=Uru_xEW3k8I,1
"Встречайте, уже еду!",https://www.youtube.com/watch?v=5q3vCzR18n8,1
Чудом избежал ДТП,https://www.youtube.com/watch?v=QGSZHE0bZSM,1
Оперативность ГИБДД,https://www.youtube.com/watch?v=4rMCuCuN8QY,1
Ведь главное велосипед в порядке,https://www.youtube.com/watch?v=9HDhSOnbPF0,1
Сюрприз за поворотом,https://www.youtube.com/watch?v=zZnxUfY0U2Y,1
Задумался?,https://www.youtube.com/watch?v=zJ2JrZd6bHM,1
Не вписался,https://www.youtube.com/watch?v=Wv227xZynLs,1
Не коснулся,https://www.youtube.com/watch?v=bfHBp_rE0UE,1
Посадил на капот,https://www.youtube.com/watch?v=SPBSK0ytU-w,1
Неравнодушные водители,https://www.youtube.com/watch?v=q9HNS_eL1Rc,0
Куда же теперь?,https://www.youtube.com/watch?v=BOU0IgC-o88,1
Все равно догоню,https://www.youtube.com/watch?v=b0mQvbFlXjg,1
Что же дальше не поехал?,https://www.youtube.com/watch?v=MDW63LCLHHM,1
Сам в шоке,https://www.youtube.com/watch?v=HtYDbNjx80s,1
Столкновение с пожарной машиной,https://www.youtube.com/watch?v=YL4vgV_3GEI,1
Не ожидал такого поворота,https://www.youtube.com/watch?v=SrTODKdUFqU,1
"Объяснил, как надо ездить",https://www.youtube.com/watch?v=MYN-8zHfnkQ,1
Скользит на все 180,https://www.youtube.com/watch?v=1xWERsNijWI,0
Поздно перестроился,https://www.youtube.com/watch?v=EB80CHcsmq8,1
Как не надо делать,https://www.youtube.com/watch?v=M2hnsGu6AB8,1
Хорошо был пустой перекресток,https://www.youtube.com/watch?v=K3BbpEccwOU,1
Водителю стало плохо,https://www.youtube.com/watch?v=ov-BfKxM9yM,1
Не уступил дорогу,https://www.youtube.com/watch?v=YAejOuTAcsI,1
Водитель даже не вышел,https://www.youtube.com/watch?v=noSMRi_nke4,1
Ох уж эти кольца,https://www.youtube.com/watch?v=4AFh-3FK3yc,1
"Ой, здесь же поворачиваем",https://www.youtube.com/watch?v=DWfS019RyRc,1
"Выходим, троллейбус дальше не поедет",https://www.youtube.com/watch?v=JxGLXigd0p0,1
Отделались царапинами,https://www.youtube.com/watch?v=5PmbJIQjayY,1
Что несем?,https://www.youtube.com/watch?v=FJDtdyxI_Tg,0
Оставил свой след,https://www.youtube.com/watch?v=bqATsau-fNU,1
Опять нарушаем?,https://www.youtube.com/watch?v=Xw53Or7I718,1
Как так-то?,https://www.youtube.com/watch?v=0jMHCbgt-zI,1
Обгоняя конкурентов,https://www.youtube.com/watch?v=MtWw-JLDPSc,1
Опасайся самоката,https://www.youtube.com/watch?v=Z0R_z5UPItA,1
Не смогли разъехаться,https://www.youtube.com/watch?v=CBNi3NxyGX4,1
Зато первый на остановке,https://www.youtube.com/watch?v=NAr2IFFVy1c,1
Петрозаводский марафон 2019,https://www.youtube.com/watch?v=KgXJbTnrj3E,1
По встречной полосе с пассажирами,https://www.youtube.com/watch?v=K6q2RjoVumI,0
Недоброе утро,https://www.youtube.com/watch?v=3JB-L0VKNZg,1
Я тоже успею,https://www.youtube.com/watch?v=wteh12WoXV0,1
Последствие касательного столкновения,https://www.youtube.com/watch?v=gv2SnchRpg8,1
Потерял управление,https://www.youtube.com/watch?v=Tew7u4zt20k,1
Потеряшки,https://www.youtube.com/watch?v=Z3e0Iyz_wCs,1
Каникулы начнутся в больнице,https://www.youtube.com/watch?v=nWj55Nt7MmA,1
«Ситилинк» в лицах.,https://www.youtube.com/watch?v=B_YrUxq0FnQ,0
Далеко выехал,https://www.youtube.com/watch?v=mZkPtTvxTzg,1
Берегите детей,https://www.youtube.com/watch?v=dalV3TdIoEI,1
Разлетелись осколки,https://www.youtube.com/watch?v=wlqjBjLfRXo,1
Утреняя неприятность,https://www.youtube.com/watch?v=sX7zvvzWooM,1
Опасные игры,https://www.youtube.com/watch?v=2F2F606YC8Q,0
Сократил путь по своему усмотрению,https://www.youtube.com/watch?v=7AqoBsXq1rY,1
Пора поставить знаки,https://www.youtube.com/watch?v=_XgdhWplWpo,1
Заварил кашу,https://www.youtube.com/watch?v=K00VTf0EIK0,1
Не с той полосы,https://www.youtube.com/watch?v=DS0h1wO--s4,1
Игривое настроение,https://www.youtube.com/watch?v=aXnfRPrYKuY,0
Так и не дошел,https://www.youtube.com/watch?v=DmHPeUWmR-4,1
Перебежать или пропустить,https://www.youtube.com/watch?v=tkh-hi3ytHY,1
Против правил,https://www.youtube.com/watch?v=_JE6FIHVAYU,1
«Ситилинк» в лицах.,https://www.youtube.com/watch?v=w4TtqlnX3Q0,0
Напугали пешехода,https://www.youtube.com/watch?v=wlLckMV5fME,1
Утром на Октябрьском проспекте,https://www.youtube.com/watch?v=DE2tunsJ4xw,1
Надеюсь живой,https://www.youtube.com/watch?v=pjz4aE5pfHo,1
Огненная ярость,https://www.youtube.com/watch?v=lg8lUDXrKUc,1
Что-то выходить не хочется,https://www.youtube.com/watch?v=dryQtUFpKRE,1
Мерседес на Ямахе,https://www.youtube.com/watch?v=xYolmjl5xoo,1
Внезапный кульбит,https://www.youtube.com/watch?v=4xVH7jEcNl4,1
"По ногам, как по асфальту",https://www.youtube.com/watch?v=m8R6akAyn1U,1
Думал проскочить,https://www.youtube.com/watch?v=2ogg_htKcDA,1
Столкнулись на пустой дороге,https://www.youtube.com/watch?v=V-LVTySNXAQ,1
Тройное ДТП,https://www.youtube.com/watch?v=fJEAyt8Z6Ag,1
Не уступил дорогу,https://www.youtube.com/watch?v=6sCD-VCZTUk,1
Прижал на кольце,https://www.youtube.com/watch?v=5-RXEFz8nds,1
Налетел на пешехода,https://www.youtube.com/watch?v=13ab-q90sJ0,1
«Ситилинк» в лицах,https://www.youtube.com/watch?v=31Z8hh2pPH4,0
Отлетело колесо,https://www.youtube.com/watch?v=WeJpX79Vae4,1
Бесстрашная Ока,https://www.youtube.com/watch?v=DwBLurcxJmI,1
Гонка с последствиями,https://www.youtube.com/watch?v=gjWK-0Mn5So,1
Наезд на торопыгу пешехода,https://www.youtube.com/watch?v=osVtbtOAkMI,1
Невнимательность,https://www.youtube.com/watch?v=u6bC5tBArfs,1
Незаконченный маневр,https://www.youtube.com/watch?v=MbYA9o9nnOU,1
Еще раз о правилах,https://www.youtube.com/watch?v=_E2VLnraVRM,1
Сгорел на работе,https://www.youtube.com/watch?v=hN69DngrPEQ,1
Наперегонки с самокатом,https://www.youtube.com/watch?v=nK_eJHSJ6oQ,1
Зачем ждать,https://www.youtube.com/watch?v=73vj4FDRIrQ,1
Так быстрее,https://www.youtube.com/watch?v=I5fUuCryZ_Q,1
Не успел,https://www.youtube.com/watch?v=9-EQjVG1J0k,1
Лобовое столкновение,https://www.youtube.com/watch?v=Mb6QLBnE5FU,1
Зацепил,https://www.youtube.com/watch?v=u0o7jGJlnZ0,1
Не соблюдал дистанцию,https://www.youtube.com/watch?v=ARtSOGJGNTk,1
Побежал под колеса,https://www.youtube.com/watch?v=ZATZvR5G23A,1
Догнал сзади,https://www.youtube.com/watch?v=fyxFR2C8aOw,1
Столкновение на кольце,https://www.youtube.com/watch?v=qjY8hr3u0zI,1
Далеко выехал,https://www.youtube.com/watch?v=4pQd_zxttVk,1
Потерял колеса,https://www.youtube.com/watch?v=hra-M_faY0s,1
Хотел проскочить,https://www.youtube.com/watch?v=TScUOtIrsn0,1
Троллейбус протащил под собой пешехода,https://www.youtube.com/watch?v=o92AGxzH3f4,1
Дал по газам после ДТП!,https://www.youtube.com/watch?v=a5LqecXOZlY,1
Человек попал под машину на пешеходном переходе.,https://www.youtube.com/watch?v=sGYbFMXHCdw,1
"Снес нарушителя, повернувшего на встречку.",https://www.youtube.com/watch?v=jMmL6NcdVGg,1
"Пешеход едва убежал, когда ладу бросило в столб.",https://www.youtube.com/watch?v=uX6ISztunvk,1
Пожарный урал занесло на встречке,https://www.youtube.com/watch?v=btTtqd4bVGE,1
На грани столкновения,https://www.youtube.com/watch?v=Rs9-7QeLVZY,1
Массовая драка и неудавшийся наезд на толпу,https://www.youtube.com/watch?v=67Jx-Jfq9HM,0
Подпрыгнул перед ДТП,https://www.youtube.com/watch?v=k3QeN99EbUs,1
Прямо в столб!,https://www.youtube.com/watch?v=ZRdpodBhE3s,1
Самосвал упал на авто,https://www.youtube.com/watch?v=Hbws-mqcYY8,1
Жесткое дтп с пешеходом,https://www.youtube.com/watch?v=_m4Uelun2W0,1
Ужасное ДТП,https://www.youtube.com/watch?v=cSY4LuVjaWE,1
Жесткое дтп подкинуло ПАЗик,https://www.youtube.com/watch?v=qctzIbJBBmU,1
Мотоциклист догнал автомобиль,https://www.youtube.com/watch?v=hp8hVtGDncQ,1
сбили пешехода в Кондопоге,https://www.youtube.com/watch?v=IfR85AoUlPU,1
Сбил. Погрузил в машину. Уехал,https://www.youtube.com/watch?v=BuPIU-a_A7w,1
Догнал у пешеходника. Страйк 2,https://www.youtube.com/watch?v=dV-kX8pyNo4,1
Догнал у пешеходника. Страйк!,https://www.youtube.com/watch?v=lZcXPHTxriY,1
Перевертыш,https://www.youtube.com/watch?v=56nZIxnqY0Q,1
Перебежал дорогу,https://www.youtube.com/watch?v=-2Y9NuCrUto,1
ДТП на перекрестке,https://www.youtube.com/watch?v=u2lKY4nsIAw,1
Шаолиньские разборки,https://www.youtube.com/watch?v=9YCMnS894cw,1
Наезд на пешехода!,https://www.youtube.com/watch?v=AIk700fO_00,1
Мощное Дтп на перекрестке,https://www.youtube.com/watch?v=uhRZ2uNUhIY,1
Врезался и уехал,https://www.youtube.com/watch?v=Jp5jmfxyIus,1
Пьяный за рулем на глазах у ДПС разбивает машину,https://www.youtube.com/watch?v=8IeXDI3JdHI,1
Драка в Кондопоге на детской площадке,https://www.youtube.com/watch?v=WfakgW7gIZc,1
"Рядовое ДТП на повороте, даже сами разобрались",https://www.youtube.com/watch?v=9mdSKx0jL3Q,1
"Подрезал автобус, за что и был наказан",https://www.youtube.com/watch?v=6-_2hViQxLg,1
Лобовая джипа с седаном,https://www.youtube.com/watch?v=Rr9CBG_rpVI,1
Наезд на ребенка,https://www.youtube.com/watch?v=MIDMLxZ_Kn8,1
МАШИНУ РАЗДАВИЛО ЖЕЛЕЗНОДОРОЖНЫМИ КАТКАМИ,https://www.youtube.com/watch?v=pneN6-_nHrA,1
"Ну куда же... Смотри, что получилось",https://www.youtube.com/watch?v=CMmDxhiEjnI,1
Ха! Самый умный,https://www.youtube.com/watch?v=1xfj9GEekBE,1
Не смогли угнать автомобиль,https://www.youtube.com/watch?v=_Fj0B2EvAlc,1
Кто виноват?,https://www.youtube.com/watch?v=0lQWsb6totw,1
Опасные маневры во дворе,https://www.youtube.com/watch?v=fpdY7eMtVJI,1
Прилетел цветочый горшок на крышу,https://www.youtube.com/watch?v=8FoxPZtlXHg,1
Режет колеса,https://www.youtube.com/watch?v=8zgZ2TQeoD4,0
Сбили пешехода,https://www.youtube.com/watch?v=i44oOope-t4,1
Серьезное ДТП с переворотом,https://www.youtube.com/watch?v=N83L1uCkE2g,1
Чуть было не было,https://www.youtube.com/watch?v=QRbKKC9FQi4,1
Подрезал грузовик!,https://www.youtube.com/watch?v=eupp7GjSGiI,1
Вот так газанул!,https://www.youtube.com/watch?v=JiV73Kj7UkI,1
Врезался в ковш трактора!,https://www.youtube.com/watch?v=Wt7pEizS_TY,1
Прав ли обочечник?,https://www.youtube.com/watch?v=UFvSYEipQNg,1
СБИЛИ РЕБЕНКА,https://www.youtube.com/watch?v=EuLpW7q87dE,1
В чем логика?,https://www.youtube.com/watch?v=igRnySdnKiQ,1
Сбил дорожный знак и уехал,https://www.youtube.com/watch?v=HoagIC9RoCw,1
Догнал на повороте!,https://www.youtube.com/watch?v=97t6OtiIkU4,1
"ДТП, вынесло в ограждение!",https://www.youtube.com/watch?v=v_xH6kovhq0,1
Сгоняли за пивком ночью,https://www.youtube.com/watch?v=zitMcXxGh-c,1
Беспалевно ворует бензин,https://www.youtube.com/watch?v=Cjw4xv77ySI,1
Успеть на мигающий зеленый!,https://www.youtube.com/watch?v=f60-mBKJonA,1
Не женская женская драка!,https://www.youtube.com/watch?v=j11hCJ48uVE,1
Сезон мото ДТП открыт,https://www.youtube.com/watch?v=PVjQGkqMTMA,1
Пешеходы родились в рубашке,https://www.youtube.com/watch?v=BG-jG3pgMdk,1
Не со своего ряда,https://www.youtube.com/watch?v=3s3HrAJmZLA,1
Сдавал задним ходом во дворе,https://www.youtube.com/watch?v=et-9xWtA93E,1
Пропустил пешехода и попал в ДТП,https://www.youtube.com/watch?v=K8Jx5sPcItA,1
Покинул место ДТП,https://www.youtube.com/watch?v=lvw-8m3E7Pc,1
Сбили велосипедиста,https://www.youtube.com/watch?v=Ffd00s3i7rU,1
"ДТП, два друга нашли друг друга!",https://www.youtube.com/watch?v=aRn2bLVugFk,1
Вежливые водители в Петрозаводске,https://www.youtube.com/watch?v=q10hn0K6uYc,0
Неожиданная встреча на кольце,https://www.youtube.com/watch?v=Lk1_5Th_ak8,1
Вежливый водитель в Кондопоге,https://www.youtube.com/watch?v=cbszJhaaqLQ,0
Да чтож ты,https://www.youtube.com/watch?v=s2VIhyNfBcM,1
"Когда горит красный, но очень хочется проехать!",https://www.youtube.com/watch?v=j9HhNKX1Amk,1
"ДТП на проблемном перекрестке, Кондопога",https://www.youtube.com/watch?v=h6U_7aAvPgE,1
Автобус раздавил собачку,https://www.youtube.com/watch?v=B1Rez3DVQN4,1
Задержание водителя,https://www.youtube.com/watch?v=TqFxvR6b9ro,0
Парапарапаравозик,https://www.youtube.com/watch?v=4YBrGy5MP_g,1
Улетел в опору ЛЭП,https://www.youtube.com/watch?v=WVeMoOdKYYE,1
"Лесовоз ""разбросал"" бревна",https://www.youtube.com/watch?v=P28DFb6tSKQ,1
Догнал на перекрестке,https://www.youtube.com/watch?v=tO00BLE0M_E,1
Бздишь! Смаш! Машина в хлам!,https://www.youtube.com/watch?v=VHG2pg1eruc,1
Бетономешалка врезалась в седан,https://www.youtube.com/watch?v=re35csTHoa0,1
Не пропустил встречку,https://www.youtube.com/watch?v=R_x5cGv21JM,1
Чуть не убил,https://www.youtube.com/watch?v=u_WHq_24hbw,1
Да как так!,https://www.youtube.com/watch?v=6bJyx9WtYGY,1
Ну сколько можно,https://www.youtube.com/watch?v=fEx8s5DlOww,1
Красава! Влетел в стоячего!,https://www.youtube.com/watch?v=Pm456ID1asY,1
Дворовые разборки,https://www.youtube.com/watch?v=qkT_sWINowQ,0
Второй день рождения пешехода,https://www.youtube.com/watch?v=L672SaWHrsg,1
Авто стукнуло троллейбус,https://www.youtube.com/watch?v=Z7d5GqBf-P8,1
ДТП в Кондопоге,https://www.youtube.com/watch?v=wSMmU8Qvl08,1
Совершил ДТП и скрылся,https://www.youtube.com/watch?v=xPDGcOM18II,1
СБИЛИ РЕБЕНКА,https://www.youtube.com/watch?v=zAdMQz2nUOg,1
Что же вы по сторонам то не посмотрели?!,https://www.youtube.com/watch?v=jEJOptuVzws,1
Додрифтовался,https://www.youtube.com/watch?v=OSU6kyL2GTU,1
Спешка с парковкой,https://www.youtube.com/watch?v=ilDNPIChCWM,1
Задержание за 3 минуты?!,https://www.youtube.com/watch?v=VNWYFN0I2Z0,0
Лобовое ДТП на ул. Гоголя,https://www.youtube.com/watch?v=Nj3uxEHaJac,1
Встретился с пожарной машиной на перекрестке,https://www.youtube.com/watch?v=hIzx2IpdWxg,1
"Дворовая драка, 1 vs 4!",https://www.youtube.com/watch?v=mar5qXBODD8,0
Очень глупое ДТП,https://www.youtube.com/watch?v=RWGskjPektg,1
Утренняя драка в центре,https://www.youtube.com/watch?v=5teq3gwcTUo,0
Солнышко ослепило на перекрестке,https://www.youtube.com/watch?v=4xKQR7jpO-w,1
"И от машины увернулся, и пешеходов не сбил!",https://www.youtube.com/watch?v=WusB8WTyFEc,1
"Обидно, ведь летел на зеленый",https://www.youtube.com/watch?v=jV65eOc7DCQ,1
ДТП откуда не ждали!,https://www.youtube.com/watch?v=XK8sgYZsQ-c,1
ДТП на ночном перекрестке,https://www.youtube.com/watch?v=oo82cY1Fe8U,1
"Это они что, бензин слили?",https://www.youtube.com/watch?v=E3H85Ks4wc8,0
Сбили пешехода на Древлянке,https://www.youtube.com/watch?v=boQ2EH1qy2s,1
Жаль звука нет,https://www.youtube.com/watch?v=_YgtX15UQCw,0
ДТП на левом повороте у Автовокзала,https://www.youtube.com/watch?v=RT2pL6dePxE,1
Небольшое ДТП в Кондопоге,https://www.youtube.com/watch?v=R4XkuiEsIXY,1
И такое к сожалению случается,https://www.youtube.com/watch?v=aY-QxXvgLwU,1
Интересное ДТП,https://www.youtube.com/watch?v=fsBBltKoZX4,1
Кто виноват?,https://www.youtube.com/watch?v=AhxrT74WRyk,1
18+ кобель задрал маленькую собачку,https://www.youtube.com/watch?v=gGSJpoSfnkg,0
Поспешил на мигающий зеленый,https://www.youtube.com/watch?v=EbjzPTgAMrM,1
Столкновение с маршруткой на Невского,https://www.youtube.com/watch?v=n2o32NsF-wM,1
"Невский дрифт, Петрозаводск",https://www.youtube.com/watch?v=xPGAlkYYMP4,1
Ох как влетел,https://www.youtube.com/watch?v=6gZKagY6fkw,1
"ДТП на Зайцева, лобовое",https://www.youtube.com/watch?v=kCyulBhXSww,1
"ДТП на Октябрьском, классику занесло",https://www.youtube.com/watch?v=nPM82TmL0iI,1
Снова ДТП на Чапаева,https://www.youtube.com/watch?v=31I-zpOK5zY,1
Что это бахнуло?,https://www.youtube.com/watch?v=2p-23FYLL70,0
ДТП на глазах ДПС,https://www.youtube.com/watch?v=BKzB2jSNKTg,1
Неожиданный маневр и ДТП,https://www.youtube.com/watch?v=VykmgdXGryY,1
Сбили или сам упал?,https://www.youtube.com/watch?v=ICu80TQy660,1
Новогоднее ДТП,https://www.youtube.com/watch?v=_EZO8QKSmaw,1
Кто же так поворачивает?,https://www.youtube.com/watch?v=-XiN3M7i-fQ,1
Фура и легковой автомобиль,https://www.youtube.com/watch?v=ryhCRq3XYuA,1
НИКОГДА ТАК НЕ ДЕЛАЙТЕ,https://www.youtube.com/watch?v=C20v16uSuI8,1
Не повезло,https://www.youtube.com/watch?v=IlCPt0QtdH0,1
Отвлекся,https://www.youtube.com/watch?v=m0V4Xy9wZTE,1
"ДТП, въехал в бордюр",https://www.youtube.com/watch?v=-4sHjJII8hA,1
Классическое ДТП на кольце,https://www.youtube.com/watch?v=wIKxln5sHRQ,1
очередная драка в Кондопоге,https://www.youtube.com/watch?v=40cwwRFuZSQ,1
"ДТП, вылетел на обочину",https://www.youtube.com/watch?v=IKPhne_GJs8,1
Сбили или не сбили собаку?,https://www.youtube.com/watch?v=dUCtKWGwqdk,1
Собака? Кошка? Заяц?,https://www.youtube.com/watch?v=UsdO3gHBzHQ,0
Потенциально опасно,https://www.youtube.com/watch?v=bx4p8mr8P_E,1
Нарушение правил перевозки,https://www.youtube.com/watch?v=duvtmG5EguQ,1
И откуда такие берутся?,https://www.youtube.com/watch?v=r2uF4s4u81w,1
Загорелась проводка,https://www.youtube.com/watch?v=qea4Jr6hfm8,1
Троллейбус даже не качнулся,https://www.youtube.com/watch?v=DHg4Hx-1W-4,1
"""Ой, мне направо""",https://www.youtube.com/watch?v=S_HsUAYIG8k,1
Ребенок чуть не попал под колеса,https://www.youtube.com/watch?v=_iWqtu74NGQ,1
"""Завелся на передаче""",https://www.youtube.com/watch?v=uC02Gn9i254,1
"ДТП, чуть не задели пешехода",https://www.youtube.com/watch?v=rOmcKAF8LeQ,1
Избили двух женщин!,https://www.youtube.com/watch?v=yAEewCAEWPY,0
"""Забыл"", что нужно нажать на тормоз",https://www.youtube.com/watch?v=brWxMRB8VbE,1
Летел на мигающий,https://www.youtube.com/watch?v=ds26dcg8FAk,1
"ДТП с маршруткой, Октябрьский!",https://www.youtube.com/watch?v=PUqthUHHL84,1
"Наезд на пешехода, Петрозаводск!",https://www.youtube.com/watch?v=S1vWkiZFyPs,1
Тройное ДТП на Ленина,https://www.youtube.com/watch?v=z2Mt9fQVmzM,1
Авария у Макси,https://www.youtube.com/watch?v=ubyVBYIdiI0,1
Неожиданный удар справа,https://www.youtube.com/watch?v=stfpCPCSPpo,1
Сбили пешеходов на Невского,https://www.youtube.com/watch?v=FWW3c-_M7mE,1
ДТП на чапаевском кольце,https://www.youtube.com/watch?v=Hrmuts67GSc,1
Нечестный бой!,https://www.youtube.com/watch?v=zbSgm1jOhcg,0
Встретились в лобовую,https://www.youtube.com/watch?v=HyNbhAT4yTA,1
"Чапаева, ""левый поворот""!",https://www.youtube.com/watch?v=cVwotOmZRE8,1
Утреннее ДТП на Мелентьевой,https://www.youtube.com/watch?v=gX3_6UhkUYk,1
"""Пропустите меня! Я главный!""",https://www.youtube.com/watch?v=y7ZUwY9WmqI,1
"""Легкое"" ДТП на Анохина",https://www.youtube.com/watch?v=WO6r3Yby0ks,1
Новое ДТП на Чапаева,https://www.youtube.com/watch?v=8r2lMd_NqpI,1
Грузовик дрифтует!,https://www.youtube.com/watch?v=Hc4zPVEjeig,0
"ДТП спешки, Кондопога",https://www.youtube.com/watch?v=BmeA5mpE2I8,1
Долетался до ДТП,https://www.youtube.com/watch?v=Wz-AluwbuxM,1
ДТП Кондопога,https://www.youtube.com/watch?v=L_heFOPpJW8,1
Не успел среагировать,https://www.youtube.com/watch?v=Pl5zVkL_CTI,1
Несется не разбирая дороги,https://www.youtube.com/watch?v=X54jqT6kmr4,1
ДТП на Чапаева,https://www.youtube.com/watch?v=aje2NHCSGrg,1
Куда смотришь?,https://www.youtube.com/watch?v=XCKi9fYTbrE,1
Он это специально?,https://www.youtube.com/watch?v=ra5uhoPh59Y,1
Будьте внимательны. Гололед!,https://www.youtube.com/watch?v=jnR3vW3ZehI,1
Дрифт с печальным исходом!,https://www.youtube.com/watch?v=iuNjkeIy_Wk,1
Торопыга,https://www.youtube.com/watch?v=DkNXljWFHyM,1
Чуть не сбил пешехода!,https://www.youtube.com/watch?v=SrXJ-nN2W9A,1
Не спеши,https://www.youtube.com/watch?v=BlHoW9VusEA,1
Съехал в кювет!,https://www.youtube.com/watch?v=-tXohMkh_xE,1
"ДТП, левый поворот, с 50-ой секунды!",https://www.youtube.com/watch?v=om9CYIYMORQ,1
"Сбили насмерть, Петрозаводск!",https://www.youtube.com/watch?v=2JNBEbjf4x8,1
Лобовое на Ровио,https://www.youtube.com/watch?v=gx01A-fUx24,1
Газель перевернулась!,https://www.youtube.com/watch?v=xJpRhSH1qiM,1
Красивое ДТП,https://www.youtube.com/watch?v=kUn6Zqmh8OY,1
"Сбили на переходе, Кондопога!",https://www.youtube.com/watch?v=PDJUa8eNgB4,1
ДТП на левом повороте,https://www.youtube.com/watch?v=m8IWgDzOoOQ,1
Чуть не задавил пешехода!,https://www.youtube.com/watch?v=UlWuFVjSpvc,1
Кто виноват?,https://www.youtube.com/watch?v=JO7253zTjBE,1
Вот голова-то есть?,https://www.youtube.com/watch?v=0gqwA33yIRQ,1
"Сбили пешехода, Кондопога!",https://www.youtube.com/watch?v=vkyX-SBE1oI,1
Ребенок попал под колеса,https://www.youtube.com/watch?v=hsB5P-LSV5k,1
Драка у подъезда,https://www.youtube.com/watch?v=1iginpRyKLQ,1
Ночной дрифт,https://www.youtube.com/watch?v=-JyxzUFcyQg,1
Чудом обошлось без жертв,https://www.youtube.com/watch?v=Z6CWI8WLtYQ,1
Занесло на повороте,https://www.youtube.com/watch?v=NP8bFpnCwM4,1
Не разъехались на скользкой дороге,https://www.youtube.com/watch?v=Y0yQTSD5pk4,1
Влетел в грузовик,https://www.youtube.com/watch?v=Cp54Q-p9wg8,1
Въехал в маршрутку на Октябрьском,https://www.youtube.com/watch?v=2BhnVBqqmiQ,1
Чуть не сбил троих на пешеходном,https://www.youtube.com/watch?v=9pqcA8MJrhY,1
ДТП на ул. Кирова,https://www.youtube.com/watch?v=_VkqvFMDiW4,1
Разбил машину в лобовом,https://www.youtube.com/watch?v=IfDtcR604Hs,1
Лобовое на Ленина,https://www.youtube.com/watch?v=1x84sQK2As4,1
Взял радиус побольше!,https://www.youtube.com/watch?v=xp_D5hj5Nv8,1
ДТП под боком у сотрудников!,https://www.youtube.com/watch?v=qCdh62RceEE,1
Просто не пропустил!,https://www.youtube.com/watch?v=M1qC6bvdOWw,1
Сбил и сразу увез в больницу!,https://www.youtube.com/watch?v=GGQxWtM3FVc,1
И снова Ватутина!,https://www.youtube.com/watch?v=hMhCobYY5LA,1
Погоня на своих двоих!,https://www.youtube.com/watch?v=gpAnMSTOz_g,1
Как пешеход собрал 3 машины,https://www.youtube.com/watch?v=mvf_oAOeVU0,1
Поспешил на красный,https://www.youtube.com/watch?v=dFVKoGXSvOs,1
Ушли от столкновения...дважды!,https://www.youtube.com/watch?v=bc2BnK04r5k,1
Маршрутка и легковушка: кто первый,https://www.youtube.com/watch?v=gDVt0V7QkeY,1
Замешкался и попал в ДТП,https://www.youtube.com/watch?v=YrG6TcU62RM,1
Как я понимаю - пытался остановиться,https://www.youtube.com/watch?v=k_AYJo3tPIs,1
Ночное ДТП,https://www.youtube.com/watch?v=GCvBxZj466U,1
Ну допустим,https://www.youtube.com/watch?v=ZDmilYBZrxs,1
Сбили пешехода,https://www.youtube.com/watch?v=inTOPrREUds,1
серьезное ДТП на Октябрьском,https://www.youtube.com/watch?v=9k9OwdDKyXI,1
Рассыпал листы фанеры,https://www.youtube.com/watch?v=glKcwO2I0Iw,1
Сбили ребенка!,https://www.youtube.com/watch?v=q2lEAGVGmOk,0
Вы тоже это видите?,https://www.youtube.com/watch?v=GAJeNgNzxIw,1
Ночные вспышки в небе,https://www.youtube.com/watch?v=lzoE-sM3RVY,0
Ночная вспышка в Петрозаводске,https://www.youtube.com/watch?v=pshzLeKFy3Y,0
Жесткое столкновение,https://www.youtube.com/watch?v=y_qhFo2raVs,1
Еду только прямо!,https://www.youtube.com/watch?v=g-dkeyaG_WA,1
Еду как хочу!,https://www.youtube.com/watch?v=D7qSqnPO4Ns,0
Мелкое ДТП,https://www.youtube.com/watch?v=CaST96wLtXc,1
Сбил велосипедиста,https://www.youtube.com/watch?v=zZEE6YqzPwA,1
Вот так подрезал!,https://www.youtube.com/watch?v=Z3op5BC5aio,1
Убедись в безопасности маневра!,https://www.youtube.com/watch?v=hy631-Vu2go,1
Выпал из машины на ходу,https://www.youtube.com/watch?v=Ax_5HiW5NSo,1
Джип vs Ваз,https://www.youtube.com/watch?v=ju_Of4FVCxA,1
Не повезло с парковкой!,https://www.youtube.com/watch?v=NKdOrSKDqR0,1
Лобовое на Октябрьском,https://www.youtube.com/watch?v=Trb7E7hKrtc,1
Жесткий удар в маршрутку,https://www.youtube.com/watch?v=wYMfR5ZL8Sg,1
Спешка,https://www.youtube.com/watch?v=BFYyEmuqgIg,1
Велосипедист сбил пешехода,https://www.youtube.com/watch?v=x4oXPiFpZLQ,0
Выскочил и не успел,https://www.youtube.com/watch?v=IIMEPlPyODU,1
Пропусти пешехода называется,https://www.youtube.com/watch?v=alK3PkTVqGw,1
Типичный левый поворот,https://www.youtube.com/watch?v=p9MAlg0BiGs,1
"Семеро за одним, задержание!",https://www.youtube.com/watch?v=2zBpPB8iTLc,0
"Паровозик, а ехали вроде не быстро",https://www.youtube.com/watch?v=xlGUEYEhJRI,1
Семеро за одним!,https://www.youtube.com/watch?v=RV2ny8Q3p3I,0
Не поделили перекресток,https://www.youtube.com/watch?v=ysR3cQXCOsA,1
Вырулил из-за Пазика,https://www.youtube.com/watch?v=KE1tpWN__T4,1
Сбили пешехода на Варкауса,https://www.youtube.com/watch?v=M55pe2jPpeI,1
Не разошлись,https://www.youtube.com/watch?v=PLvoeK7wXG4,1
"Не, ну как так-то",https://www.youtube.com/watch?v=QUyxqajZ20k,1
Стукнул во дворе,https://www.youtube.com/watch?v=dAiocfpCBNI,1
Помяли во дворе,https://www.youtube.com/watch?v=mcn0Gu8_lNo,0
Что-то пошло не так!,https://www.youtube.com/watch?v=xDsT7QjI8N8,1
Выскочил из-за машины,https://www.youtube.com/watch?v=0XAsa6BQQms,1
"""Летящая"" Нива",https://www.youtube.com/watch?v=HIEdeckr3C4,1
Еще один сбитый пешеход,https://www.youtube.com/watch?v=Z-BoRTLoN9E,1
Сбили ребенка,https://www.youtube.com/watch?v=r-vjyvRAjwk,1
"Увидели, напали, получили!",https://www.youtube.com/watch?v=fyiEgEtWsyY,0
"""Подскользнулся"" на кольце",https://www.youtube.com/watch?v=7ax0V6FQ6Ac,0
Всё-таки решили столкнуться!,https://www.youtube.com/watch?v=oqBWkNRCwI4,1
Серьезное ДТП на Ленина,https://www.youtube.com/watch?v=LuUgoLH16OA,1
Пьяна кровушка - буйна головушка,https://www.youtube.com/watch?v=eSatvW6bqBA,1
Вылетел на красный и чуть не убил,https://www.youtube.com/watch?v=X2-GGuuxIO0,1
Поторопился на все деньги,https://www.youtube.com/watch?v=iiYR9bffHrM,1
Рядовое ДТП в Кондопоге,https://www.youtube.com/watch?v=4h87-2UiLxY,1
"Традиционно, левый поворот",https://www.youtube.com/watch?v=j5xxSMkHRp4,1
"Господи, ну как же так?",https://www.youtube.com/watch?v=E97_1lh8OVQ,1
Полет мерседеса,https://www.youtube.com/watch?v=PVe3IZ16lbg,1
Опять левый поворот?,https://www.youtube.com/watch?v=sny0IR4NzJw,1
Лобовое столкновение,https://www.youtube.com/watch?v=SKGgB54pn0k,1
Поворот в больницу,https://www.youtube.com/watch?v=3k37GzFrnbM,1
Чуть не убил,https://www.youtube.com/watch?v=dx1wT5kEooY,0
Зачем они так?,https://www.youtube.com/watch?v=BIxm2JQSLAM,0
"Пожар в троллейбусе (20 июля 2016, Петрозаводск)",https://www.youtube.com/watch?v=Pu0nApCToD4,0
Компания «Ситилинк» поздравила с Днём Республики,https://www.youtube.com/watch?v=yRE3Lnf-ZFk,0
Как подключить Интернет в Петрозаводске,https://www.youtube.com/watch?v=lHJK5k2q4lM,0
День Республики 2015 за минуту,https://www.youtube.com/watch?v=s_4eEFiZgMY,0
Опасный маневр автобуса!,https://www.youtube.com/watch?v=WB8fsuRaJ9M,0
Площадь Кирова: год за минуту,https://www.youtube.com/watch?v=lDRuPcv66jI,0
Позитив: как проходила «Битва Роботов-2015» в Петрозаводске?,https://www.youtube.com/watch?v=isuIOXNiqfM,0
Сбил пешеходов и скрылся!,https://www.youtube.com/watch?v=5-DZop9EI04,1
Ледоход в Петрозаводской губе Онежского озера,https://www.youtube.com/watch?v=otv-0FMuW4U,0
Зимний холод и одиночество в объективе вечерних камер.,https://www.youtube.com/watch?v=RpLh86eTo0E,0
Хорошо когда соседи друзья!,https://www.youtube.com/watch?v=sTqA_YmV5Q8,0
Рождественский фейерверк от петрозаводского троллейбуса,https://www.youtube.com/watch?v=C4tNLX184-s,0
ДТП на Чапаева-Пархоменко (Петрозаводск),https://www.youtube.com/watch?v=1NPvHTiLt5g,1
Кондопога. Дтп на перекрестке Октябрьский-Советов. 24.12 12:16,https://www.youtube.com/watch?v=kvPafEbym-U,1
Экономический кризис и Интернет,https://www.youtube.com/watch?v=jsgGK8Mmqek,0
"Кондопога на камерах видеонаблюдения от Компании ""Ситилинк""",https://www.youtube.com/watch?v=BQ42atEWU2U,0
Рождение Новогодне-Рождественской ели в Петрозаводске,https://www.youtube.com/watch?v=dSu2y_525tM,0
"Авария 11.12.14 Перекресток ул. Красная - Антикайнена. Видеонаблюдение от ""Ситилинка"".",https://www.youtube.com/watch?v=g49gN0azR4Y,1
"Дни Интернета в Карелии. Репортаж от ""Вести-Карелия"".",https://www.youtube.com/watch?v=ldin4Tog7J4,0
"Школа Современных Знаний от ""Ситилинка"". Репортаж СампоТВ.",https://www.youtube.com/watch?v=N1fI7al5hEc,0
"Конкурс детских рисунков ""Календарь 2015"". Репортаж СампоТВ.",https://www.youtube.com/watch?v=g_c7r6RDfM0,0
"Социальный проект ""Видеонаблюдение"" от ""Ситилинка"". Репортаж СампоТВ.",https://www.youtube.com/watch?v=5jFvkj6nkjQ,0
Дни Интернета в Карелии. Репортаж от Ника Плюс.,https://www.youtube.com/watch?v=MK9ELdxJyE8,0
Дни Интернета в Карелии. Репортаж СампоТВ.,https://www.youtube.com/watch?v=8XyigyAEdEk,0
Разрушение дома с камеры наблюдения,https://www.youtube.com/watch?v=0f3W3VOg91k,0